Gene_id,Condition_1,Condition_2,Condition_3,Condition_4,Condition_5,Condition_6
YHR104W,0.0,1.0,0.004940016466134901,0.0,1.0,0.0038732459452810977
YDR368W,0.0,1.0,0.0,0.0,1.0,0.0
YGR282C,0.0,1.0,0.0,0.0,1.0,0.0
YOL086C,1.0,1.0,0.0,1.0,1.0,0.0
YLR300W,0.0,1.0,0.0,0.0,0.0,0.0
YFR055W,1.0,0.0,0.0,1.0,0.0,0.0
YGL184C,0.0,1.0,0.0,0.0,1.0,0.0
YDR261C,0.0,0.0,1.0,0.0,0.0,1.0
YDL168W,0.0,1.0,0.0,0.0,0.0,0.0
YOR190W,0.0,0.0,1.0,0.0,0.0,1.0
YOL030W,1.0,1.0,0.0,1.0,1.0,0.0
YLR343W,0.0,0.0,1.0,0.0,0.0,1.0
YNL247W,1.0,0.0,1.0,1.0,0.0,1.0
YMR303C,0.0,1.0,1.0,0.0,1.0,1.0
YGR155W,1.0,1.0,0.00012159228372575696,1.0,8.797559351924028e-05,0.00012159228372575696
YGR032W,0.0,1.0,1.0,0.0,0.0,1.0
YOL132W,0.0,0.0,1.0,0.0,0.0,1.0
YGL256W,0.0,1.0,1.0,0.0,0.0,1.0
YBR145W,0.0,1.0,0.0,0.0,0.0,0.0
YCR034W,1.0,0.009358434884236932,1.0,1.0,0.009358434884236932,1.0
YMR215W,1.0,0.0,1.0,1.0,0.0,1.0
YMR307W,1.0,0.0,1.0,1.0,0.0,1.0
YLR342W,1.0,1.0,0.0,1.0,1.0,0.0
YMR306W,0.0,1.0,1.0,0.0,1.0,1.0
YBR068C,1.0,1.0,0.0,1.0,1.0,0.0
YMR083W,1.0,1.0,0.0,1.0,1.0,0.0
YMR318C,1.0,0.0,0.0,1.0,0.0,0.0
YBR036C,1.0,1.0,0.0,1.0,1.0,0.0
YDR046C,1.0,1.0,0.0,1.0,0.0,0.0
YBR069C,1.0,0.0,0.0,1.0,0.0,0.0
YMR170C,0.0,1.0,0.0,0.0,1.0,0.0
YMR169C,0.0,1.0,0.0,0.0,1.0,0.0
YPL061W,1.0,1.0,0.004573044194535019,1.0,1.0,0.004588410467454858
YLR245C,0.0,0.0,1.0,0.0,1.0,1.0
YNR012W,1.0,0.00014796965686826458,0.00015294807523018745,1.0,0.00014796965686826458,0.00015294807523018745
YIR029W,0.0,0.0,0.0,0.0,0.0,1.0
YHR123W,1.0,1.8181818181818073e-06,1.8181818181818073e-06,1.0,0.0,1.8181818181818073e-06
YNL130C,0.0,1.0,0.0,0.0,1.0,0.0
YPR159W,0.0,0.0,0.0,0.0,0.0,0.0
YGR143W,1.0,1.0,0.0,1.0,0.0,0.0
YGR247W,1.0,0.0,0.0,1.0,0.0,0.0
YHR043C,0.0,1.0,0.0,0.0,0.0,0.0
YHR044C,0.0,0.0,1.0,0.0,1.0,1.0
YIR027C,0.0,1.0,1.0,0.0,1.0,1.0
YIR028W,0.0,1.0,1.0,0.0,1.0,1.0
YJR152W,0.0,1.0,1.0,0.0,0.0,1.0
YLR201C,0.0,1.0,1.0,0.0,1.0,1.0
YOL096C,0.0,1.0,1.0,0.0,1.0,1.0
YGL119W,0.0,1.0,1.0,0.0,1.0,1.0
YDR204W,0.0,1.0,0.0,0.0,1.0,0.0
YDR503C,0.0,0.0,0.0,0.0,1.0,0.0
YDR284C,1.0,1.0,2.0931890190335528e-05,1.0,0.0,2.0931890190335528e-05
YBR029C,0.00013922488605245127,1.0,0.00013922488605245127,0.00013922488605245127,1.0,4.3135847552699145e-05
YDR487C,1.0,0.0,1.0,1.0,0.0,1.0
YNR057C,0.0,0.0,1.0,0.0,0.0,1.0
YHR144C,1.0,6.624344432599475e-06,6.624344432599475e-06,1.0,6.624344432599475e-06,6.624344432599475e-06
YBR249C,1.0,0.0,1.0,1.0,0.0,1.0
YBR208C,1.0,0.0,0.0,1.0,0.0,0.0
YNR058W,0.0,0.0,1.0,0.0,0.0,1.0
YDR035W,1.0,1.0,0.0,1.0,1.0,0.0
YML110C,0.0,1.0,0.0,0.0,1.0,0.0
YPL274W,0.0,1.0,0.0,1.0,0.0,0.0
YGR255C,0.0,1.0,0.0,0.0,1.0,0.0
YGL055W,1.0,1.0,1.0,1.0,0.0,1.0
YNL003C,0.0,0.0,0.0,0.0,0.0,0.0
YOR125C,1.0,0.0,0.0,1.0,1.0,1.0
YDR242W,0.0,1.0,1.0,0.0,1.0,1.0
YJL221C,0.0,0.0,0.0,0.0,1.0,1.0
YMR293C,0.0,1.0,1.0,0.0,0.0,1.0
YDR454C,1.0,8.006956198759335e-06,1.0,1.0,8.006956198759335e-06,1.0
YBR265W,1.0,1.0,0.0,1.0,0.0,0.0
YML035C,0.0,1.0,1.0,0.0,1.0,1.0
YJL070C,0.0,1.0,0.0,0.0,1.0,0.0
YJR025C,0.0,1.0,1.0,0.0,0.0,1.0
YJR016C,1.0,0.0,1.0,1.0,0.0,1.0
YBR284W,0.0,1.0,0.0,0.0,1.0,0.0
YDR354W,1.0,0.0,0.0,1.0,0.0,0.0
YER175C,0.0,1.0,1.0,0.0,0.0,1.0
YER090W,1.0,0.0,0.0,1.0,0.0,0.0
YGR087C,0.0,1.0,1.0,0.0,1.0,1.0
YFL053W,0.0,1.0,1.0,0.0,1.0,1.0
YKL211C,1.0,0.0,0.0,1.0,0.0,0.0
YML070W,6.658082276215169e-07,1.0,0.0,6.433914910352857e-07,1.0,0.0
YDR305C,1.0,0.0,0.0,1.0,1.0,0.0
YLR044C,1.0,0.0,0.0,1.0,0.0,0.0
YML086C,1.0,1.0,0.0,1.0,0.0,0.0
YBR149W,0.0,1.0,0.0,0.0,1.0,0.0
YPL111W,1.0,0.0008594424422721533,1.0,1.0,0.0009233989649137658,1.0
YLR134W,0.0,0.0,0.0,0.0,0.0,0.0
YHR018C,0.0,1.0,0.0,0.0,1.0,0.0
YOR236W,1.0,0.0,0.00010584550343392641,1.0,0.0,0.00010584550343392641
YOL058W,0.0,1.0,1.0,0.0,1.0,1.0
YDR380W,0.0,1.0,0.0,0.0,1.0,0.0
YDR341C,1.0,0.0,1.0,1.0,0.0,1.0
YHR091C,0.0,1.0,1.0,0.0,1.0,1.0
YDL080C,2.1078549564219717e-05,1.0,1.0,2.6178297990077e-05,1.0,1.0
YNL256W,1.0,0.0,0.0,1.0,0.0,0.0
YNL270C,0.0,0.0,1.0,0.0,0.0,1.0
YKL216W,1.0,0.0,1.0,1.0,0.0,1.0
YHR037W,1.0,1.0,9.852364070489366e-05,1.0,1.0,9.594097623741719e-05
YEL063C,1.0,1.0,0.0,1.0,1.0,0.0
YCR053W,1.0,0.0,0.0,1.0,0.0,0.0
YLR420W,1.0,0.0,0.0,1.0,0.0,0.0
YBR293W,0.0,1.0,1.0,0.0013114247961753783,1.0,1.0
YDR127W,1.0,1.0,1.0,1.0,0.0,1.0
YDL210W,0.0,1.0,1.0,0.0,1.0,1.0
YNR056C,0.0,1.0,1.0,0.0,1.0,1.0
YBR034C,1.0,1.0,0.0,1.0,1.0,0.0
YDR158W,1.0,0.0,0.0,1.0,0.0,0.0
YGL154C,1.0,0.0,1.0,0.0,0.0,1.0
YDR321W,1.0,7.301541990932422e-05,1.0,1.0,3.358040828134992e-05,1.0
YLR172C,1.0,0.0,1.0,1.0,0.0,1.0
YLR155C,1.0,0.0,0.0,1.0,0.0,0.0
YMR009W,0.0,1.0,1.0,0.0,1.0,1.0
YBR115C,1.0,1.0,1.0,1.0,0.0,1.0
YLR160C,1.0,0.0,0.0,1.0,0.0,0.0
YGR019W,0.0,1.0,0.0,0.0,1.0,0.0
YLR158C,1.0,0.0,0.0,1.0,0.0,0.0
YEL038W,0.0,1.0,0.0,0.0,1.0,0.0
YLR157C,1.0,0.0,0.0,1.0,0.0,0.0
YGR124W,1.0,0.0,0.0,1.0,0.0,0.0
YJL167W,1.0,0.00042506210109113766,0.00042506210109113766,1.0,0.00042506210109113766,0.00042506210109113766
YOR374W,0.0,1.0,0.0,0.0,1.0,0.0
YML096W,1.0,0.0,1.0,1.0,0.0,1.0
YPR145W,1.0,1.0,0.0,1.0,1.0,0.0
YER073W,1.0,0.0,1.0,1.0,0.0,1.0
YDL100C,0.0,1.0,0.0,0.0,1.0,0.0
YHR019C,1.0,0.0,1.0,1.0,0.0,1.0
YMR013C,0.0,0.0,1.0,0.0,0.0,1.0
YOR348C,0.0,1.0,1.0,0.0,1.0,1.0
YCR024C,0.0,1.0,1.0,0.0,1.0,1.0
YDR508C,1.0,1.0,0.0,1.0,1.0,0.0
YPL028W,1.0,0.000270494064330724,0.000270494064330724,1.0,0.000270494064330724,0.000270494064330724
YJR001W,1.0,0.0,0.0,1.0,0.0,0.0
YNL101W,0.0,1.0,1.0,0.0,0.0,1.0
YIL160C,0.0,0.0,0.0,0.0,0.0,0.0
YKL146W,0.0006201336523818827,1.0,0.0,0.0,1.0,0.0
YNR016C,1.0,0.004310639450801019,1.0,1.0,0.004310639450800976,1.0
YJL130C,1.0,0.0,0.0,1.0,0.0,1.0
YMR207C,1.0,1.0,1.0,1.0,0.0,1.0
YPR021C,0.04267841611555618,0.04267841611555618,1.0,0.04267841611555618,0.04117442492601571,1.0
YFL017C,1.0,0.0,1.0,1.0,0.0,1.0
YER052C,0.0,1.0,0.0,0.0,0.0,0.0
YLR027C,0.0006857161900545064,1.0,0.00017246366999351087,0.0006516322175327265,1.0,0.0
YEL058W,0.0,1.0,0.0,0.0,1.0,0.0
YER069W,0.0,1.0,1.0,0.0,1.0,1.0
YKL106W,1.0,0.01351011310993276,0.01351011310993276,1.0,0.012871658570282066,0.01351011310993276
YLL018C,1.0,0.0,1.0,1.0,0.0,1.0
YMR062C,1.0,0.0,1.0,1.0,0.0,1.0
YPL104W,0.0,1.0,1.0,0.0,1.0,1.0
YAL023C,1.0,0.0,0.0,1.0,0.0,0.0
YFL055W,0.0,1.0,0.0,0.0,1.0,0.0
YJR143C,1.0,0.0,1.0,1.0,0.0,1.0
YJL071W,0.0,0.0,1.0,0.0,0.0,1.0
YER119C,0.0,1.0,0.0,0.0,1.0,0.0
YMR108W,1.0,0.0,0.0016429087798299803,1.0,0.0,0.0016429087798299803
YMR226C,1.0,1.0,0.0,1.0,1.0,0.0
YPR128C,1.0,0.0,0.0,1.0,0.0,0.0
YCL009C,1.0,0.0,1.0,1.0,0.0,1.0
YDL093W,1.0,0.0,1.0,1.0,0.0,1.0
YDL095W,1.0,0.0,0.0,1.0,0.0,0.0
YDR530C,0.0,0.0,0.0,0.0,0.0,0.0
YOR126C,0.0,0.0,0.0,0.0,0.0,0.0
YCL050C,0.0,1.0,0.0,0.0,1.0,0.0
YOR321W,1.0,0.0006694728092195845,1.0,1.0,0.0006694728092195845,1.0
YER005W,0.0,1.0,1.0,0.0,0.0,1.0
YBL015W,0.0,1.0,1.0,0.0,1.0,1.0
YER055C,1.0,0.0001306788177162315,0.0,1.0,0.0,0.0
YGR199W,1.0,1.0,0.0,1.0,0.0,0.0
YGL008C,1.0,1.0,1.0,1.0,0.0,1.0
YGL205W,0.0,1.0,1.0,0.0,0.0,1.0
YPR183W,1.0,0.0,0.0,1.0,0.0,0.0
YPL036W,0.0,1.0,1.0,0.0,1.0,1.0
YDL185W,1.0,1.0,0.0,1.0,0.0,0.0
YKL152C,1.0,1.0,0.0,1.0,1.0,0.0
YKL182W,1.0,0.002782224661741493,1.0,1.0,0.0027822246617414666,1.0
YBR127C,1.0,0.0,0.0,1.0,0.0,0.0
YPL231W,1.0,0.002782224661741493,1.0,1.0,0.0027822246617414666,1.0
YNR043W,1.0,0.0004698054801533627,1.0,1.0,0.0004698054801533627,1.0
YPL234C,1.0,0.0,0.0,1.0,0.0,0.0
YHR063C,1.0,0.0,0.0,1.0,0.0,0.0
YBR026C,0.0,1.0,0.0,0.0,1.0,0.0
YLR447C,1.0,0.0,0.0,1.0,0.0,0.0
YOR332W,1.0,0.0,1.0,1.0,0.0,1.0
YER061C,0.0,1.0,0.0,0.0,1.0,0.0
YLR355C,1.0,0.0,0.001466882839133911,1.0,0.0,0.001466882839133911
YKL080W,1.0,0.0,0.0,1.0,0.0,0.0
YKL192C,0.0,1.0,0.14804431046744182,0.0,0.0,0.14804431046744182
YHR026W,1.0,0.0,0.0,1.0,0.0,0.0
YCR036W,0.0,1.0,0.0,0.0,1.0,0.0
YMR054W,1.0,1.0,1.0,1.0,0.0,1.0
YBR153W,0.0,1.0,0.0,0.0,1.0,0.0
YKL055C,0.0,1.0,0.0,0.0,1.0,0.0
YGR020C,1.0,0.0,1.0,1.0,0.0,1.0
YEL051W,1.0,0.0,0.0,1.0,0.0,0.0
YOR221C,0.0,1.0,0.0,0.0,1.0,0.0
YPR036W,1.0,0.0,0.0,1.0,0.0,0.0
YHR067W,0.0,1.0,0.0,0.0,1.0,0.0
YOL066C,0.0,0.0,0.0,0.0,0.0,0.0
YEL027W,1.0,0.0,0.0,1.0,0.0,0.0
YJR057W,1.0,0.0,0.0,1.0,0.0,0.0
YLR304C,2.1949575806354895e-06,1.0,2.137970985377907e-06,2.1400764693420304e-06,1.0,2.100813530397237e-06
YBL099W,1.0,1.0,0.31257580683660496,1.0,0.30467368850103893,0.31244504970855924
YPR002W,0.0,1.0,0.0,0.0,1.0,0.0
YPR020W,0.0,0.0,0.0,0.0,0.0,0.0
YLR209C,1.0,1.0,1.0,1.0,0.00010682569540618845,1.0
YBR039W,1.0,1.0,0.31257580683660496,1.0,1.0,0.31244504970855924
YKL016C,0.3165275226831307,0.3165275226831307,0.31257580683660496,0.31612216417117045,1.0,0.31257580683660496
YBR252W,1.0,0.0,1.0,1.0,0.0,1.0
YJL200C,1.0,0.0,1.0,1.0,0.0,1.0
YJR121W,1.0,1.0,0.31257580683660496,1.0,0.30467368850103893,0.31257580683660496
YOL140W,0.0,1.0,1.0,0.0,1.0,1.0
YHR068W,1.0,0.0,0.0,1.0,0.0,0.0
YDL004W,0.3165275226831307,0.3165275226831307,0.3165275226831307,0.3165275226831307,0.3165275226831307,0.3165275226831307
YEL071W,0.0,1.0,0.0,0.0,1.0,0.0
YBR093C,0.0,0.0,1.0,0.0,0.0,1.0
YPL078C,1.0,1.0,0.31257580683660496,1.0,1.0,0.31244504970855924
YAR071W,1.0,1.0,0.0,1.0,1.0,0.0
YDL174C,0.0,1.0,4.166666666666667e-06,0.0,0.0,4.166666666666667e-06
YDL178W,1.0,1.0,0.0,1.0,1.0,0.0
YKL217W,9.569460399364329e-08,1.0,1.0,1.0005846965403383e-07,1.0,1.0
YPL148C,0.0,0.0,1.0,0.0,0.0,1.0
YLR295C,1.0,1.0,0.31257580683660496,1.0,1.0,0.31244504970855924
YLR153C,1.0,1.0,0.0037407349872805055,1.0,0.003740734987280446,0.0037407349869558212
YKR009C,0.0,1.0,1.0,0.0,1.0,1.0
YDR298C,1.0,1.0,0.31257580683660496,1.0,1.0,0.31244504970855924
YHR174W,1.0,1.0,0.0,1.0,1.0,0.0
YDR377W,1.0,1.0,0.31257580683660496,1.0,1.0,0.31244504970855924
YDL181W,0.316088758194478,1.0,1.0,0.31612216417117045,1.0,1.0
YPL281C,0.0,1.0,0.0,0.0,1.0,0.0
YAL054C,0.0,1.0,1.0,0.0,1.0,1.0
Q0085,0.3165275226831307,0.3165275226831307,0.3165275226831307,0.3165275226831307,0.3165275226831307,0.3165275226831307
YCR032W,0.0,1.0,1.0,0.0,0.0,1.0
YOR393W,0.0,1.0,0.0,0.0,1.0,0.0
Q0080,0.3165275226831307,0.3165275226831307,0.3165275226831307,0.3165275226831307,0.3165275226831307,0.3165275226831307
YCR010C,8.293505518021227e-05,1.0,1.0,8.806138334841906e-05,0.00016841500510028062,1.0
Q0130,0.3165275226831307,0.3165275226831307,0.3165275226831307,0.3165275226831307,0.3165275226831307,0.3165275226831307
YGR254W,0.0,1.0,0.0,0.0,1.0,0.0
YPL271W,0.316088758194478,1.0,0.31257580683660496,0.31612216417117045,1.0,0.31244504970855924
YMR323W,0.0,1.0,0.13249995414042282,0.0,1.0,0.1253808892314082
YNL141W,1.0,0.0,1.0,1.0,0.00023488554620063252,1.0
YOR270C,1.0,1.0,0.0,1.0,0.0,0.0
YMR289W,0.0,1.0,1.0,0.0,0.0,1.0
YBR085W,1.0,0.0,1.0,1.0,0.0,1.0
YNR033W,0.0,0.0,0.0,0.0,0.0,0.0
YJR153W,0.0,0.0,1.0,0.0,0.0,1.0
YMR056C,0.0,1.0,1.0,0.0,1.0,1.0
YCR048W,9.918115692141993e-05,0.0,1.0,9.918115692141993e-05,0.0,1.0
YER056C,0.0,1.0,0.0,0.0,0.0,0.0
YBL030C,1.0,1.0,0.0,1.0,0.0,0.0
YER060W,1.0,1.0,1.0,1.0,0.0,1.0
YGL186C,0.0,1.0,0.0,1.0,0.0,0.0
YDL141W,1.0,0.0,0.0,1.0,0.0,0.0
YKL140W,1.0,1.0,0.0,1.0,1.0,0.0
YOL064C,1.0,0.0,0.0,1.0,0.0,0.0
YLL012W,0.0,0.0,0.0,0.0,1.0,0.0
YIL124W,0.0,1.0,0.0,0.0,1.0,0.0
YAL060W,0.07348662603354532,1.0,0.03561238349170125,0.06919991116897893,1.0,0.022506742451874968
YDR226W,1.0,0.0001499539542969611,1.0,1.0,0.00014804557483261377,1.0
YLR020C,1.0,0.0,1.0,1.0,0.0,1.0
YGR065C,0.0,0.0,0.0,0.0,0.0,0.0
YIL013C,0.0,1.0,1.0,0.0,1.0,1.0
YER170W,1.0,0.0,1.0,1.0,1.0,1.0
YGR286C,1.0,0.0,1.0,1.0,0.0,1.0
YNL280C,1.0,0.000743858676909491,0.000743858676909491,1.0,0.000743858676909491,0.000743858676909491
YOL052C,1.0,0.0,1.0,1.0,0.0,1.0
YOR011W,0.0,0.0,0.0,0.0,0.0,0.0
YHR042W,1.0,1.0,1.0,1.0,7.438586769094911e-05,1.0
YBR184W,1.0,0.0,1.0,1.0,0.0,1.0
YJL005W,0.0,1.0,1.0,0.0,0.0,1.0
YMR015C,1.0,1.0,0.0,1.0,1.0,0.0
YNL111C,1.0,0.0,1.0,1.0,0.0,1.0
YJR105W,1.0,0.0002982902335185947,1.0,1.0,0.0,1.0
YNR019W,0.0,1.0,0.0,0.0,1.0,0.0
YKL150W,0.0,1.0,0.0,0.0,0.0,0.0
YIL043C,1.0,0.0,1.0,1.0,0.0,1.0
YLR189C,1.0,0.0,1.0,1.0,0.0,1.0
YDR400W,1.0,0.0,1.0,1.0,0.0,1.0
YGL012W,1.0,1.0,0.00023668230628859366,1.0,1.0,0.00023668230628859366
YAL022C,1.0,1.0,0.0,1.0,1.0,0.0
YGL001C,1.0,1.0,0.000743858676909491,1.0,0.000743858676909491,0.000743858676909491
YDR441C,0.0,0.0,0.0,0.0,0.0,0.0
YDR147W,1.0,0.0,1.0,1.0,0.0,1.0
YLR100W,1.0,0.000743858676909491,1.0,1.0,0.000743858676909491,1.0
YKL188C,0.0,1.0,1.0,0.0,1.0,1.0
YPL147W,0.0,0.0,1.0,0.0,0.0,1.0
YGR060W,1.0,1.0,1.0,1.0,1.0,0.000743858676909491
YML022W,1.0,0.0,0.0,1.0,0.0,0.0
YLR056W,1.0,0.0,0.0,1.0,1.0,0.0
YKL001C,0.0,1.0,0.0,0.0,1.0,0.0
YBR041W,1.0,1.0,0.0,1.0,0.0,0.0
YLR359W,1.0,1.0,0.0,1.0,1.0,0.0
YMR202W,1.0,0.0,1.0,1.0,0.0,1.0
YER015W,0.0,1.0,1.0,0.0,0.0,1.0
YGR088W,0.0,1.0,0.0,0.0,1.0,0.0
YNL220W,1.0,1.0,0.0,1.0,1.0,0.0
YDR256C,0.0,0.0,0.0,0.0,0.0,0.0
YIL009W,1.0,1.0,0.0,1.0,1.0,0.0
YDL052C,1.0,1.0,0.0,1.0,1.0,0.0
YOR303W,0.0,1.0,1.0,0.0,1.0,1.0
YOR317W,0.0,1.0,0.0,0.0,0.0,0.0
YJR109C,1.0,1.0,0.0,1.0,0.0,0.0
YKR066C,0.0,1.0,0.0,0.0,0.0,0.0
YMR246W,1.0,0.0,1.0,1.0,0.0,1.0
YJR048W,1.0,0.0,1.0,1.0,0.0,1.0
YEL039C,0.0,1.0,0.0,0.0,1.0,0.0
YIL134W,0.0,1.0,1.0,0.0,1.0,1.0
YCL004W,0.0,1.0,1.0,0.0,1.0,1.0
YNL202W,0.0,1.0,1.0,0.0,1.0,1.0
UNKNOWN,1.0,1.0,1.0,1.0,1.0,1.0
YPL087W,0.0,1.0,1.0,0.0,1.0,1.0
YFL030W,0.0,1.0,1.0,0.0,1.0,1.0
YBR183W,0.0,1.0,0.0,0.0,1.0,0.0
YOR180C,0.0,0.0,1.0,0.0,0.0,1.0
YDR297W,1.0,0.0,1.0,1.0,0.0,1.0
YER043C,1.0,0.00022991995468143133,0.00022991995468143135,1.0,0.00022991995468143135,0.00022991995468143135
YKL008C,1.0,1.0,1.0,1.0,0.0,0.0
YLR303W,1.0,1.0,1.0,1.0,1.0,1.0
YLR284C,0.0,1.0,1.0,0.0,1.0,1.0
YHL003C,1.0,0.0,0.0,1.0,0.0,0.0
YGR037C,1.0,0.002782224661741493,0.0031686447533750043,1.0,0.0027822246617414666,0.0031686447533750043
YJL196C,1.0,1.0,0.0,1.0,0.009467292251759126,0.0
YMR120C,0.0,1.0,0.0,0.0,1.0,0.0
YMR272C,1.0,1.0,0.0,1.0,0.0,0.0
YLR028C,0.0,1.0,0.0,0.0,0.0,0.0
YGR202C,1.9225564619584016e-06,1.9225564619584016e-06,1.9225564619584016e-06,1.9225564619584016e-06,1.9225564619584016e-06,1.9225564619584016e-06
YOR128C,0.0,1.0,0.0,0.0,1.0,0.0
YLR372W,1.0,0.0,1.0,1.0,0.0,1.0
YGL077C,0.0,0.0,0.0,0.0,0.0,0.0
YDL015C,1.0,1.0,0.0,1.0,0.0,0.0
YDR148C,1.0,1.0,0.03935502791645367,1.0,1.0,0.03935502791645367
YLR133W,1.818181818181818e-06,1.0,1.0,1.8429488709596566e-06,1.0,1.0
YIL125W,1.0,1.0,0.039355027916453664,1.0,0.04886467579427101,0.03935502791645367
YPR060C,1.0,0.0,0.0,1.0,0.0,0.0
YFL018C,1.0,1.0,0.02230711708705549,1.0,1.0,0.022052155398209764
YKL060C,1.0,1.0,0.02161244305092663,1.0,1.0,0.02048322340169403
YGL148W,1.0,0.0,1.0,1.0,0.0,1.0
YLR377C,0.0,1.0,1.0,0.0,1.0,1.0
YDR481C,0.0,1.0,1.0,0.0,1.0,1.0
YLR307W,0.0,1.0,1.0,0.0,1.0,1.0
YDR232W,0.0,0.0,0.0,0.0,0.0,0.0
YLR308W,0.0,1.0,1.0,0.0,1.0,1.0
YJL155C,0.0,1.0,1.0,0.0,1.0,1.0
YBR038W,1.0,0.0,1.0,1.0,0.0,1.0
YNL192W,0.0,0.0,0.0,0.0,0.0,0.0
YOR176W,1.0,0.0,0.0,1.0,0.0,0.0
YOR388C,0.0,1.0,1.0,0.0,1.0,1.0
YDR111C,1.0,0.0,1.0,1.0,0.0,1.0
YBR023C,1.0,1.0,0.0,1.0,0.0,0.0
YBR291C,0.002408075618368743,0.002408075618368743,1.0,0.0024080756183687425,0.0024080756183687425,1.0
YLR089C,0.0009370206925838875,1.0,0.00011385060975099837,0.0009624382635511589,1.0,0.0003511838608018558
YDL142C,0.0,0.0,0.0,0.0,0.0,0.0
YPL276W,1.0,1.0,1.0,0.0,1.0,1.0
YLR151C,0.0,0.0,1.0,0.0,0.0,1.0
YPL275W,0.0,0.0,0.0,0.0,0.0,0.0
YOR335C,1.0,0.0,0.0,1.0,0.0,0.0
YHR002W,0.00018992136431731697,0.00018992136431731697,0.0001899213643173169,0.00018992136431731697,0.00018992136431731697,0.00018992136431731697
YMR319C,1.0,0.0,1.0,1.0,0.0,1.0
YDR044W,1.0,0.0,1.0,1.0,0.0,1.0
YPL265W,0.0,1.0,0.0,0.0,1.0,0.0
YOR100C,0.0,1.0,1.0,0.0,1.0,1.0
YJL060W,0.0,1.0,0.0,0.0,1.0,0.0
YBR132C,0.0,1.0,0.0,0.0,1.0,0.0
YBL013W,0.0,0.0,0.0,0.0,0.0,0.0
YCL025C,0.0,1.0,0.0,0.0,1.0,0.0
YML042W,0.0,1.0,1.0,0.0,1.0,1.0
YKR039W,0.00896771010016612,0.00896771010016612,0.00896771010016612,0.00896771010016612,0.00896771010016612,0.00896771010016612
YDL045C,0.0,0.0,0.0,0.0,0.0,0.0
YAR035W,0.0,1.0,1.0,0.0,0.0,1.0
YOL020W,0.0,1.0,0.0,0.0,1.0,0.0
YER024W,0.0,1.0,1.0,0.0,1.0,1.0
YLR011W,0.0,0.0,1.0,0.0,1.0,1.0
YEL047C,1.0,1.0,2.528014269461376e-07,1.0,0.0,2.528014269461376e-07
YPR062W,1.0,0.0,1.0,1.0,0.0008717730386576069,1.0
YJR051W,1.0,1.0,0.0,1.0,1.0,0.0
YNR001C,0.0,1.0,0.0,0.0,1.0,0.0
YPR001W,0.015990467002344976,1.0,1.0,0.015737765983600854,1.0,1.0
YOR120W,0.0,1.0,6.097560975609757e-07,0.0,1.0,6.097560975609757e-07
YCR005C,0.0,1.0,1.0,0.0,1.0,1.0
YPL069C,0.0,0.0,0.0,0.0,0.0,0.0
YEL069C,0.0,1.0,1.0,0.0,1.0,1.0
YBL039C,1.0,0.0,1.0,1.0,0.0,1.0
YDR342C,0.0,1.0,1.0,0.0,1.0,1.0
YLL043W,1.0,0.0,0.0,1.0,0.0,0.0
YJR103W,0.0,1.0,1.0,0.0,1.0,1.0
YPL189W,0.0,0.0,1.0,0.0,0.0,1.0
YBR192W,8.25006896209993e-05,8.25006896209993e-05,8.25006896209993e-05,8.25006896209993e-05,8.25006896209993e-05,8.25006896209993e-05
YGL084C,1.0,1.0,0.0,1.0,1.0,0.0
YOL156W,0.0,1.0,0.0,0.0,1.0,0.0
YHR096C,0.0,1.0,0.0,0.0,1.0,0.0
YHR051W,1.0,1.0,0.9749412156411713,1.0,1.0,0.9749412156411713
YMR256C,0.9968588876780852,0.9968588876779235,0.9968588876779235,0.9968588876779235,0.9968588876779235,0.9968588876779235
YNR072W,0.0,1.0,1.0,0.0,1.0,1.0
YJR158W,1.0,1.0,1.0,1.0,1.0,1.0
YHL032C,0.0,0.0,0.0,0.0,0.0,0.0
YDL067C,1.0,1.0,1.0,1.0,1.0,1.0
YDR272W,1.333889419171745e-06,1.0,1.2195121951219514e-06,1.3947174490123242e-06,1.0,1.2195121951219514e-06
YDR345C,1.0,0.0,0.0,1.0,0.0,0.0
YGL187C,1.0,1.0,1.0,1.0,1.0,1.0
YOR040W,0.0,0.0,0.0,0.0,1.0,0.0
YLR038C,0.9968588876779235,0.9968588876779235,0.9968588876779235,0.9968588876779235,0.9968588876779235,0.9968588876779235
YFL011W,0.0,1.0,1.0,0.0,1.0,1.0
YHR092C,0.0,0.0,1.0,0.0,0.0,1.0
YGL191W,0.9968588876780852,0.9968588876779235,0.9968588876779235,0.9968588876779235,0.9968588876779235,0.9968588876779235
YHR094C,1.0,1.0,0.0,1.0,1.0,0.0
YPR081C,0.0,1.0,0.0,0.0,1.0,0.0
YIL111W,0.0,1.0,0.0,0.0,1.0,0.0
YBR121C,1.0,0.0,1.0,1.0,0.0,1.0
YJL219W,0.0,1.0,1.0,0.0,1.0,1.0
Q0275,0.9968588876780852,1.0,1.0,0.9968588876780851,1.0,1.0
YDL245C,0.0,0.0,1.0,0.0,0.0,1.0
YMR217W,1.0,0.0,1.0,1.0,0.0,1.0
YNL052W,1.0,0.0,0.9749412156411713,1.0,1.0,0.9749412156411713
YJL214W,0.0,0.0,1.0,0.0,1.0,1.0
Q0045,1.0,1.0,1.0,1.0,1.0,1.0
YDR343C,0.0,1.0,1.0,0.0,1.0,1.0
YMR011W,0.0,0.0,0.0,0.0,0.0,0.0
YLR395C,1.0,1.0,0.9749412156411713,1.0,1.0,0.9749412156411713
Q0250,0.9968588876780852,0.9968588876779235,1.0,0.9968588876780852,0.9574718136476429,1.0
YER183C,0.0,0.0,0.0,0.0,0.0,0.0
YBL045C,1.0,1.0,0.9359355566435132,1.0,0.9191646245272653,0.9359351322993261
YGR204W,1.0,1.0,0.00034346646068414297,1.0,4.5014623795850674e-05,0.00034346646068414297
YDR529C,1.0,1.0,1.0,1.0,1.0,1.0
YHR183W,1.0,1.0,0.006105445451824033,1.0,1.0,0.006105445451824033
YEL024W,0.9569805321709617,1.0,0.9359355566435132,0.9569805321709617,0.9191646245272653,0.9359351322993261
YGR256W,0.0,1.0,0.0,0.0,1.0,0.0
YBR084W,1.0,0.0,1.0,1.0,0.0,1.0
YPR191W,0.9569805321709618,1.0,0.9359355566435132,0.9569804997250999,1.0,0.9359351322993261
YPL262W,0.002520390993000529,1.0,0.0019285227686197028,0.002586255756501086,0.002432589864231339,0.0019062793331777823
YPL110C,6.25e-06,1.0,1.0,6.3351367439238196e-06,1.0,1.0
YGR183C,0.9569805321709617,0.9569805321709617,0.9569805321709617,0.9569805321709617,0.9569805321709617,0.9569805321709617
YDR513W,0.0,1.0,0.0,0.0,1.0,0.0
YBR205W,1.0,0.0,1.0,1.0,0.0,1.0
YJL166W,0.9569805321709617,1.0,0.9359355566435132,0.9569804997250999,1.0,0.9359351322993261
YJL139C,0.0,1.0,1.0,0.0,1.0,1.0
Q0105,1.0,1.0,0.9359355566435132,1.0,0.9191646245272653,0.9359355566435132
YFR033C,0.9569805321709617,0.9569805321709617,0.9569805321709617,0.9569805321709617,0.9569805321709617,0.9569805321709617
YPL053C,1.0,1.0,0.0,1.0,1.0,0.0
YDR098C,1.0,0.0,0.0,1.0,0.0,0.0
YER174C,1.0,0.0,0.0,1.0,0.0,0.0
YOR065W,1.0,1.0,0.9359355566435132,0.9569804997250999,0.9191646245272653,0.9359355566435132
YPL091W,1.0,1.0,0.0,1.0,0.0,0.0
YDR483W,1.0,0.0,0.0,1.0,0.0,0.0
YOR099W,1.0,0.0,1.0,1.0,0.0,1.0
YKR061W,0.0,1.0,1.0,0.0,1.0,1.0
YGR012W,0.0,0.0,1.0,0.0,1.0,1.0
YCL035C,0.0,1.0,0.0,0.0,1.0,0.0
YAL012W,1.0,1.0,0.0002873999433517892,1.0,1.0,0.0002873999433517892
YPL059W,1.0,1.0,0.0,1.0,1.0,0.0
YBR199W,1.0,1.0,0.0,1.0,1.0,0.0
YLR438W,0.0,1.0,0.0,0.0,0.0,0.0
YNL029C,0.0,0.0,1.0,0.0,0.0,1.0
YCR098C,0.0,1.0,1.0,0.0,1.0,0.0
YBR244W,1.0,0.0,0.0,1.0,0.0,0.0
YIR037W,0.0,1.0,0.0,0.0,1.0,0.0
YOR130C,0.0,0.0,1.0,0.0,0.0,1.0
YKL026C,0.0,1.0,0.0,0.0,1.0,0.0
YDL022W,8.895344455276661e-05,1.0,8.890480673431924e-05,8.893399299297749e-05,8.893920676888493e-05,8.890480673431924e-05
YMR271C,0.0,1.0,0.0,0.0,1.0,0.0
YML106W,1.0,0.0,1.0,1.0,0.0,1.0
YOL059W,1.0,1.0,0.0,1.0,0.0,0.0
YDR135C,1.0,0.0,0.0,1.0,0.0,0.0
YOR222W,1.0,0.0,1.0,1.0,1.0,1.0
YIL155C,0.0,1.0,0.0,0.0,1.0,0.0
YPL134C,0.0,1.0,1.0,0.0,0.0,1.0
YJL212C,1.0,1.0,0.0,1.0,0.0,0.0
YIL145C,1.0,0.0,0.0,1.0,0.0,0.0
YIL053W,6.658082276215169e-07,1.0,0.0,6.658082276215169e-07,1.0,0.0
YOL049W,1.0,0.0,0.0,1.0,0.0,0.0
YLR043C,1.0,0.0,5.5202870271548786e-05,1.0,2.760143513583115e-05,5.5202870271548786e-05
YER062C,0.0,1.0,6.097560975609756e-07,0.0,1.0,6.097560975609756e-07
YOR323C,1.0,0.0,0.0,1.0,0.0,0.0
YPR167C,0.0,1.0,1.0,0.0,1.0,1.0
YLR299W,0.0,1.0,1.0,0.0,1.0,1.0
YGR209C,0.0,1.0,0.0,0.0,1.0,0.0
YGR267C,1.0,0.0,0.0,1.0,0.0,0.0
YNL241C,0.0,1.0,0.006081529818087494,2.496579913260087e-05,1.0,0.004967930793107324
YGL062W,0.0,1.0,0.0,0.0,1.0,0.0
YBR196C,1.0,1.0,0.018910821515693368,1.0,1.0,0.018089351999352857
YBR218C,1.0,1.0,0.0,1.0,0.0,0.0
YBR020W,0.0,1.0,1.0,0.0,1.0,1.0
YBL033C,0.0,1.0,0.0,0.0,1.0,0.0
YNR008W,4.463152061463897e-05,4.463152061463897e-05,4.463152061463897e-05,4.463152061463897e-05,4.463152061463897e-05,4.463152061463897e-05
YDL198C,1.0,0.0,0.0,1.0,0.0,0.0
YBR018C,0.0,1.0,1.0,0.0,0.0,1.0
YGL248W,0.0,1.0,1.0,0.0,1.0,1.0
YKL035W,0.0,1.0,0.0,0.0,1.0,0.0
YDL238C,0.0,1.0,1.0,0.0,1.0,1.0
YOR360C,0.0,1.0,0.0,0.0,1.0,0.0
YDR399W,0.0,0.0,0.0,0.0,0.0,0.0
YHL012W,0.0143163535134959,0.0143163535134959,0.0143163535134959,0.0143163535134959,0.0143163535134959,0.0143163535134959
YNL071W,1.0,1.0,0.00036465077815319347,1.0,0.013993809361623092,0.00036465077815319347
YLL052C,0.06666754359008426,0.0,1.0,0.06666754359008426,0.0,1.0
YGR193C,1.0,0.016270560895665566,0.00036465077815319347,1.0,1.0,0.00036460257388729327
YPR192W,0.0,1.0,1.0,0.0,1.0,1.0
YDR536W,0.0,1.0,1.0,0.0,1.0,1.0
YBR221C,1.0,0.005844764593588601,0.00013099105622978795,1.0,0.005026902392039363,0.00013099105622978795
YLR081W,0.0,0.0,1.0,0.0,1.0,1.0
YDR234W,1.0,0.0,1.0,1.0,0.0,1.0
YER178W,1.0,1.0,0.00013099105622978795,1.0,0.0050269023920393625,0.00013097374013427038
YNR041C,1.0,1.0,0.0,1.0,0.0,0.0
YBR035C,0.0,1.0,0.0,0.0,1.0,0.0
YDL182W,1.0,0.0,0.0,1.0,0.0,0.0
YNL318C,0.0,0.0,1.0,0.0,0.0,1.0
YGR147C,0.0,0.0,0.0,0.0,0.0,0.0
YDL040C,1.0,0.0,1.0,1.0,0.0,1.0
YGR192C,1.0,1.0,0.0,1.0,1.0,0.0
YDL131W,1.0,0.0,1.0,1.0,0.0,1.0
YKR093W,0.0,0.0,0.0,0.0,0.0,0.0
YPL273W,1.0,0.0,1.0,1.0,0.0,1.0
YJL052W,0.0,1.0,0.13249995414042282,0.0,1.0,0.1253808892314082
YGR007W,1.0,0.0,0.0,1.0,0.0,0.0
YJR009C,0.11988271104019216,1.0,0.0,0.11631537144470755,1.0,0.0
YLL062C,0.0,1.0,0.0,1.0,1.0,0.0
YGR157W,1.0,1.0,1.0,1.0,0.0005071763706208974,1.0
YMR205C,1.0,1.0,0.018565755043747547,1.0,1.0,0.017595720543305444
YER141W,0.0,1.0,0.0,0.0,0.0,0.0
YDR408C,1.0,0.0,0.0,1.0,0.0,0.0
YGR240C,1.0,1.0,0.018565755043747547,1.0,0.016912079927743295,0.017595720543305444
YKR067W,0.0,1.0,0.0,0.0,0.0,0.0
YBL011W,1.0,1.0,0.000525094014774573,1.0,1.0,0.0005250940147232175
YDR376W,0.0,1.0,1.0,0.0,1.0,1.0
YIL107C,0.0,1.0,0.0,0.0,1.0,0.0
YPL252C,1.0,1.0,1.0,1.0,0.0,1.0
YOL136C,0.0,1.0,0.0,0.0,1.0,0.0
YEL011W,0.0,0.0,0.0,0.0,0.0,0.0
YER081W,0.0,0.0,0.0,0.0,1.0,0.0
YMR189W,0.0,1.0,0.012562842787662735,0.0,1.0,0.012274672954067329
YPL172C,0.0,0.0,0.0,0.0,0.0,0.0
YIL074C,0.0,1.0,0.0,1.0,1.0,0.0
YPL214C,0.0,1.0,1.0,0.0,1.0,1.0
YCR012W,0.0,1.0,0.0,0.0,1.0,0.0
YGL253W,1.0,0.0,0.0,1.0,0.0,0.0
YAL044C,0.0,1.0,0.012562842787662735,0.0,1.0,0.012274672954067329
YNR034W,1.0,1.0,0.0,1.0,1.0,0.0
YFR053C,0.0,1.0,0.0,0.0,1.0,0.03469549357351338
YHR163W,0.0,0.0,0.0,0.0,0.0,0.0
YDR019C,0.0,1.0,0.012562842787662735,0.0,1.0,0.012274672954067329
YGR248W,0.0,1.0,0.0,0.0,1.0,0.0
YGL225W,1.0,0.0,1.0,1.0,0.0,1.0
YIL094C,1.0,0.0,0.0,1.0,0.0,0.0
YOL056W,1.0,0.0,0.0,1.0,0.0,0.0
YCL030C,1.0,1.0,0.0,1.0,0.0,0.0
YKL104C,0.0,1.0,0.0,0.0,1.0,0.0
YDL021W,0.0,1.0,1.0,0.0,1.0,1.0
YMR105C,0.0,1.0,0.0,0.0,1.0,0.0
YMR085W,0.0,0.0,1.0,0.0,0.0,1.0
YMR084W,0.0,0.0,1.0,0.0,0.0,1.0
YFR025C,0.0,1.0,0.0,0.0,1.0,0.0
YKL127W,1.0,0.0,1.0,1.0,0.0,1.0
YPR033C,1.0,0.0,1.0,1.0,0.0,1.0
YLR058C,8.624166941848903e-05,1.0,0.001179119145796749,0.0,1.0,0.0010018426432776067
YGL202W,1.0,0.0,1.76926221888029e-05,1.0,0.0,1.76926221888029e-05
YHR137W,0.0,1.0,0.0,0.0,1.0,0.0
YBR263W,1.0,0.0,1.0,1.0,0.0,1.0
YPR184W,0.0,1.0,0.007955305721399474,0.0,1.0,0.0
YGR191W,0.0,1.0,0.0,0.0,1.0,0.0
YLR060W,1.0,0.0,0.0,1.0,0.0,0.0
YFL022C,1.0,1.0,0.0,1.0,0.0,0.0
YMR088C,1.0,0.0,1.0,1.0,0.0,1.0
YIL099W,0.0,1.0,1.0,0.0,1.0,1.0
YPR160W,0.0074573376153565995,1.0,0.0,0.0054663450056527275,1.0,0.0017295480873799902
YPR047W,0.0,1.0,1.0,0.0,1.0,1.0
YCL069W,0.0,0.0,0.0,0.0,0.0,0.0
YKL212W,1.0,1.0,0.0,1.0,0.0,0.0
YFR015C,1.0,0.0,0.0,1.0,0.0,0.0
YJL137C,0.0,0.0,1.0,0.0,0.0,1.0
YNL106C,1.0,1.0,1.0,1.0,0.0,1.0
YKR058W,0.004804214607952064,0.004804214607952064,0.004804214607952064,0.004804214607952064,0.004804214607952064,0.004804214607952064
YLR231C,0.0,1.0,1.0,0.0,0.0,1.0
YOR109W,1.0,1.0,0.0,1.0,0.0,0.0
YDL205C,1.0,0.0,0.0,1.0,0.0,0.0
YFR019W,0.0,1.0,1.0,0.0,0.0,1.0
YML075C,1.0,1.0,1.0,1.0,0.0,1.0
YLR258W,0.0,1.0,1.0,0.0,1.0,1.0
YOL065C,1.0,0.0,0.0,1.0,0.0,0.0
YPR035W,0.0,1.0,0.00028725652379611954,0.0,1.0,0.0006325603228239736
YIL002C,0.0,1.0,1.0,0.0,0.0,1.0
YLR450W,1.0,0.0003719293384547455,1.0,1.0,0.0003719293384547455,1.0
YPL268W,0.0,1.0,1.0,0.0,1.0,1.0
YOR168W,1.0,0.0,0.0,1.0,0.0,0.0
YDR208W,0.0,1.0,0.0,0.0,0.0,0.0
YLR195C,1.0,0.0,0.0,1.0,1.0,0.0
YML126C,1.0,0.000270494064330724,1.0,1.0,0.000270494064330724,1.0
YOL055C,0.0,1.0,1.0,0.0,1.0,1.0
YKL203C,0.0,1.0,1.0,0.0,0.0,1.0
YJR066W,1.0,1.0,1.0,1.0,0.0,1.0
YPL258C,0.0,0.0,0.0,0.0,0.0,0.0
YDR300C,1.0,0.0,0.0,1.0,1.0,0.0
YLR240W,0.0,1.0,1.0,0.0,0.0,1.0
YJL101C,1.0,1.0,0.0,1.0,0.0,0.0
YMR250W,0.0,1.0,0.0,0.0,1.0,0.0
YPR121W,0.0,1.0,1.0,0.0,1.0,1.0
YNL267W,1.0,0.0,1.0,1.0,0.0,1.0
YER023W,1.0,0.0,0.0,1.0,0.0,0.0
YLR305C,1.0,0.0,1.0,1.0,0.0,1.0
YJR139C,1.0,0.0,0.0,1.0,0.0,0.0
YDL215C,0.0,1.0,1.0,0.0,1.0,1.0
YPR113W,1.0,0.00010860746522300957,0.00010860746522300957,1.0,0.00010860746522300957,0.00010860746522300957
YNL277W,0.0,1.0,0.0,0.0,0.0,0.0
YJR077C,1.0,1.0,1.0,1.0,0.03029531052409117,1.0
YHR025W,1.0,0.0,1.0,1.0,0.0,1.0
YOR375C,1.0,0.0,1.0,1.0,0.0,1.0
YML123C,0.0025224847413999056,0.0025224847413999056,0.0025224847413999056,0.0025224847413999056,0.0025224847413999056,0.0025224847413999056
YAL062W,0.0,1.0,1.0,0.0,0.0,1.0
YIL116W,0.0,1.0,0.0,0.0,1.0,0.0
YNR013C,1.0,1.0,0.0,1.0,0.0,0.0
YCR037C,0.0,1.0,0.0,0.0,0.0,0.0
YNL037C,0.0,1.0,0.0,0.0,1.0,0.0
YCL040W,0.0,1.0,0.03182481148613893,0.0,1.0,0.0
YBR296C,0.0,1.0,0.0,0.0,1.0,0.0
YMR300C,0.0,1.0,0.0,0.0,1.0,0.0
YJL198W,1.0,1.0,1.0,1.0,0.0,1.0
YDL171C,1.0,0.0,1.0,1.0,0.0,1.0
YOR136W,0.0,1.0,0.0,0.0,1.0,0.0
YER053C,0.0,1.0,0.0,0.0,1.0,0.0
YLR174W,0.0044177668183581695,1.0,4.275941970721675e-06,0.004182026160992813,1.0,0.0
YGL245W,1.0,0.0,1.0,1.0,0.0,1.0
YOL011W,0.0,1.0,1.0,0.0,1.0,1.0
YOL033W,0.0,1.0,1.0,0.0,1.0,1.0
YDL066W,1.0,0.0,4.0929241905725464e-08,1.0,0.0,4.0929241905725464e-08
YMR006C,1.0,0.0,1.0,1.0,0.0,1.0
YNL009W,0.0,1.0,1.0,0.0,1.0,1.0
YMR008C,1.0,1.0,1.0,1.0,0.0,1.0
YER065C,4.166666666666667e-06,4.166666666666667e-06,4.166666666666667e-06,4.166666666666667e-06,4.166666666666667e-06,4.166666666666667e-06
YML059C,6.608787837982006e-06,6.608787837982006e-06,6.608787837982006e-06,6.608787837982006e-06,6.608787837982006e-06,6.608787837982006e-06
YBR248C,1.0,0.0001306788177162315,0.0,1.0,0.0,0.0
YKR031C,0.0,1.0,0.0,0.0,0.0,0.0
YOR202W,1.0,0.0001306788177162315,1.0,1.0,0.0,1.0
YOR143C,1.0,3.1352649543319395e-07,3.3306839048683964e-07,1.0,3.067484662576687e-07,3.3306839048683964e-07
YFL045C,1.0,0.0,1.0,1.0,0.0,1.0
YOR074C,1.0,0.0,1.0,1.0,0.0,1.0
YJR148W,1.0,1.0,2.9329189907814558e-05,1.0,1.0,2.3234893660634502e-05
YMR220W,1.0,0.0,0.0,1.0,0.0,0.0
YHR208W,1.0,3.261530301579627e-05,3.2748736713209974e-05,1.0,2.572853374929659e-05,3.2748736713209974e-05
YDR050C,1.0,1.0,0.129414608032128,1.0,1.0,0.129414608032128
YDR353W,1.0,0.00010677397276230242,0.0,1.0,0.0,0.0
YOR163W,1.0,1.0,0.0,1.0,1.0,0.0
YHR106W,0.0,1.0,1.0,0.0,0.0,1.0
YDR017C,0.0,0.0,0.0,0.0,0.0,0.0
YML100W,0.0,1.0,0.0,0.0,1.0,0.0
YBL076C,1.0,0.0,0.0,1.0,0.0,0.0
YDR531W,1.0,0.0,0.0,1.0,0.0,0.0
YPL040C,0.0,0.0,1.0,0.0,0.0,1.0
YCR028C,0.0,0.0,1.0,0.0,0.0,1.0
YAR073W,0.0,0.0,0.0,0.0,0.0,0.0
YMR261C,0.0,1.0,0.0,0.0,1.0,0.0
YMR020W,0.0,1.0,1.0,0.0,1.0,1.0
YBR011C,1.0,0.01656462150758377,0.01656462150758377,1.0,0.012252959375456559,0.01656462150758377
YDR074W,0.0,1.0,0.0,0.0,0.0,0.0
YML056C,1.0,0.0,1.0,1.0,0.0,1.0
YMR267W,9.482837887471184e-05,9.482837887471184e-05,9.482837887471184e-05,9.482837887471184e-05,9.482837887471184e-05,9.482837887471184e-05
YLR432W,1.0,0.0,1.0,1.0,0.0,1.0
YBR126C,0.0,1.0,0.0,0.0,1.0,0.0
YGL040C,1.0,1.0,0.0,1.0,1.0,0.0
YBR001C,0.0045636737384403565,1.0,1.0,0.0045636737384403565,1.0,1.0
YAR075W,0.0,0.0,0.0,0.0,0.0,0.0
YKR097W,0.0,1.0,1.0,0.0,1.0,1.0
YHR216W,1.0,0.0,0.0,1.0,1.0,1.0
YDR001C,0.0,1.0,0.0,0.0,1.0,0.0
YBR166C,1.0,1.0,0.0,1.0,1.0,0.0
YNL316C,0.0,0.0,0.0,0.0,0.0,0.0
YPR026W,0.003155065950714842,1.0,1.0,0.0013344322487398586,1.0,1.0
YOR245C,0.0,1.0,1.0,0.0,1.0,1.0
YJR078W,0.0,0.0,1.0,0.0,0.0,1.0
YOL103W,1.0,0.0,1.0,1.0,0.0,1.0
YDR497C,1.0,1.0,1.0,1.0,0.0,1.0
YER019W,1.0,0.0,1.0,1.0,0.0,1.0
YKL004W,1.0,0.0,0.0,1.0,0.0,0.0
YER014W,0.0,1.0,1.0,0.0,1.0,1.0
YPL117C,1.0,0.00042506210109113766,0.00042506210109113766,1.0,1.0,0.00042506210109113766
YGL026C,1.0,0.0,0.0,1.0,0.0,0.0
YBR003W,1.0,1.0,1.0,1.0,0.0,1.0
YOL097C,1.0,0.0,1.0,1.0,0.0,1.0
YGL234W,1.0,1.0,0.0,1.0,0.0,0.0
YDR268W,0.0,1.0,1.0,0.0,1.0,1.0
YDR007W,0.0,0.0,0.0,0.0,0.0,0.0
YCL018W,1.0,1.0,1.0,1.0,1.0,1.0
YGL009C,1.0,0.0,0.0,1.0,0.0,0.0
YDR403W,2.5778981541742205e-05,1.0,1.0,0.0,1.0,1.0
YAR015W,1.0,1.0,0.0,1.0,1.0,0.0
YGR185C,1.0,0.0,0.0,1.0,0.0,0.0
YOR108W,1.0,0.0,1.0,1.0,0.0,1.0
YNL104C,1.0,1.0,0.0,1.0,0.0,0.0
YGR061C,1.0,0.0,1.0,1.0,0.0,1.0
YIL020C,1.0,0.0001306788177162315,0.0001306788177162315,1.0,0.0,0.0001306788177162315
YGR244C,0.12601954965002643,1.0,0.11971845569596398,0.12931278782505432,0.11971845569596398,0.11971845569596398
YPL097W,0.0,0.0,1.0,0.0,1.0,1.0
YDL103C,0.0,0.0,0.0,0.0,0.0,0.0
YLR142W,8.219727452845417e-05,1.0,1.0,0.0,1.0,1.0
YBR019C,0.0,1.0,1.0,0.0,1.0,1.0
YOR142W,1.0,1.0,0.09641981839531148,1.0,0.11971845569596398,0.09531396665888912
YHR020W,1.0,0.0,1.0,1.0,0.0,1.0
YBL098W,0.0,0.0,1.0,0.0,0.0,1.0
YER087W,0.0,1.0,1.0,0.0,1.0,1.0
YPL244C,0.0,0.0,0.0,0.0,0.0,0.0
YHL011C,1.0,0.0,0.0,1.0,0.0,0.0
YIR032C,0.0,0.0,1.0,0.0,1.0,1.0
YER099C,2.5498305895850048e-05,2.5498305895850048e-05,2.5498305895850048e-05,2.5498305895850048e-05,2.5498305895850048e-05,2.5498305895850048e-05
YKL024C,1.0,0.00013662710392236424,1.0,1.0,0.00013662710392236424,1.0
YOL151W,1.0,1.0,0.0,1.0,1.0,0.0
YCR075C,1.0,0.0,0.0,1.0,0.0,0.0
YOL061W,1.0,0.0,0.0,1.0,0.0,0.0
YBL068W,1.0,0.0,0.0,1.0,0.0,0.0
YPL160W,1.0,0.0,1.0,1.0,0.0,1.0
YKR069W,0.0,1.0,0.0,0.0,0.0,0.0
YKL181W,1.0,0.0,1.0,1.0,0.0,1.0
YOR278W,0.0,0.0,0.0,0.0,0.0,0.0
YGR170W,0.0,0.0,0.0,0.0,0.0,0.0
YDR047W,1.0,0.0,1.0,1.0,0.0,1.0
YHR128W,1.0,0.0,0.0,1.0,0.0,0.0
YLR382C,0.0,1.0,1.0,0.0,1.0,1.0
YNL169C,1.0,7.100469188692563e-05,7.100469188692563e-05,1.0,7.100469188692563e-05,7.100469188692563e-05
YML004C,1.333889419171745e-06,1.0,1.2195121951219514e-06,1.3947174490123242e-06,1.0,1.2195121951219514e-06
YBR021W,0.0,1.0,1.0,0.0,0.0,0.0
YER026C,1.0,1.0,9.705963484823447e-05,1.0,1.0,9.705963484823448e-07
YHL016C,0.001179788836898015,1.0,1.0,0.001219634390585512,1.0,1.0
YHR007C,1.0,1.0,1.0,1.0,0.0003719293384547455,0.0003719293384547455
YDR294C,0.0,1.0,0.0,0.0,0.0,0.0
YBL042C,0.0,1.0,1.0,0.0,0.0,0.0
YGR208W,1.0,0.0,0.0,1.0,0.0,0.0
YJR019C,0.0,0.0,0.0,0.0,0.0,0.0
YGR094W,1.0,0.0,1.0,1.0,0.0,1.0
YHR072W,1.0,0.0,1.0,1.0,0.0,1.0
YOR273C,0.0013026010986956764,0.0013026010986956764,0.0013026010986956764,0.0013026010986956764,0.0013026010986956764,0.0013026010986956764
YPR140W,0.0,1.0,0.0,0.0,1.0,0.0
YJR133W,0.0,1.0,1.0,0.0,1.0,1.0
YLL028W,1.0,1.0,0.0,1.0,1.0,0.0
YGR194C,0.0,1.0,1.0,0.0,0.0,1.0
YDR037W,1.0,0.0,0.0,1.0,0.0,0.0
YKL174C,1.0,0.0016200534828928383,1.0,1.0,0.0016200534828928383,1.0
YNL073W,0.0,0.0,0.0,0.0,0.0,0.0
YLR070C,0.0,1.0,0.0,0.0,1.0,0.0
YNL268W,1.0,1.0,0.0,1.0,1.0,0.0
YOR347C,0.0,1.0,0.0565333137665804,0.0,1.0,0.0565333137665804
YML054C,4.166666666666667e-06,1.0,1.0,4.200464439374055e-06,1.0,1.0
YAL038W,1.0,1.0,0.0,1.0,0.0,0.0
YGL063W,0.0,0.0,0.0,0.0,0.0,0.0
YDR236C,0.0,1.0,0.0,0.0,1.0,0.0
YPL212C,1.0,0.0,0.0,1.0,1.0,0.0
YNL117W,0.0,1.0,1.0,0.0,1.0,1.0
YIR031C,0.0,0.0,1.0,0.0,0.0,1.0
YOL143C,1.0,0.001338945618439169,0.001338945618439169,1.0,0.001338945618439169,0.001338945618439169
YJL216C,0.0,1.0,1.0,0.0,1.0,1.0
YBR299W,0.0,0.0,0.0,0.0,1.0,0.0
YFL001W,0.0,0.0,0.0,0.0,1.0,0.0
YBR256C,0.0006694728092195845,0.0006694728092195845,0.0006694728092195845,0.0006694728092195845,0.0006694728092195845,0.0006694728092195845
YGR287C,0.0,1.0,1.0,0.0,1.0,1.0
YIL066C,0.0,1.0,1.0,0.0,1.0,1.0
YGR292W,0.0,1.0,1.0,0.0,1.0,1.0
YNL292W,1.0,0.0,1.0,1.0,0.0,1.0
YER060W_A,1.0,1.0,1.0,1.0,1.0,1.0
YER070W,1.0,0.0,0.0,1.0,0.0,0.0
YJL026W,1.0,0.0,1.0,1.0,0.0,1.0
YEL017C_A,1.0,1.0,1.0,1.0,1.0,1.0
YIL172C,0.0,0.0,0.0,0.0,1.0,1.0
YGR180C,1.0,0.0,1.0,1.0,0.0,1.0
YGR289C,0.0,0.0,0.0,0.0,0.0,0.0
YNL129W,1.0,0.0,0.0,1.0,0.0,0.0
YCR024C_A,1.0,1.0,1.0,1.0,1.0,1.0
YJL121C,1.0,0.010328083189102203,1.0,1.0,0.0031955183706862582,1.0
YHR039C_A,0.0,0.0,0.0,0.0,0.0,0.0
YDL247W,0.0,1.0,1.0,0.0,1.0,1.0
YOR095C,1.0,0.015280188433631828,1.0,1.0,0.008200317233992636,1.0
YJR160C,0.0,0.0,0.0,0.0,0.0,0.0
YBR298C,0.0,0.0,0.0,0.0,0.0,0.0
YDR322C_A,1.0,1.0,1.0,1.0,1.0,1.0
YNR050C,1.0,0.0,0.0,1.0,0.0,0.0
YML081C_A,1.0,1.0,1.0,1.0,1.0,1.0
YIR034C,0.0,1.0,0.0,0.0,1.0,0.0
YLR348C,1.0,1.7759682440080904e-05,1.0,1.0,2.3172466636821043e-05,1.0
YJR010W,0.0,1.0,0.0,0.0,1.0,0.0
YDL055C,1.0,1.0,0.0,1.0,0.0,0.0
YER003C,1.0,0.0,0.0,1.0,0.0,0.0
YOL077W_A,1.0,1.0,1.0,1.0,1.0,1.0
YML008C,1.0,0.0,0.0,1.0,0.0,0.0
YHR001W_A,1.0,1.0,1.0,1.0,1.0,1.0
YPR006C,0.0,1.0,1.0,0.0,1.0,1.0
YKR053C,1.0,0.0,1.0,1.0,1.0,1.0
YOL126C,1.0,0.00024826741354698196,0.011889991170707761,1.0,0.0,0.011889991170707761
YCR073W_A,1.0,1.0,1.0,1.0,1.0,1.0
YJL134W,1.0,1.0,1.0,1.0,0.0,1.0
YJR159W,0.0,1.0,1.0,0.0,1.0,1.0
YBR058C_A,0.0,0.0,0.0,0.0,0.0,0.0
YKL085W,0.012074185559112645,1.0,0.015499492964046116,0.01210483608426313,1.0,0.015599748821281295
YIL167W,1.0,1.0,1.0,1.0,1.0,1.0
YDL078C,1.0,1.0,0.0,1.0,0.0,0.0
YCL064C,0.011405906037911872,1.0,0.0,0.011405906037911872,0.011405906037911872,0.0
YKL029C,1.0,1.0,1.0,1.0,0.0008028442813369493,1.0
YDR062W,1.0,0.0,0.0,1.0,0.0,0.0
YMR296C,1.0,1.0,0.0,1.0,0.0,0.0
YLR180W,1.0,1.0,0.0,1.0,0.0,0.0
YDR502C,1.0,1.0,0.00022991995468143135,1.0,0.00022991995468143135,0.00022991995468143135
YDR023W,1.0,0.0,0.0,1.0,0.0,0.0
YJR130C,0.0,1.0,1.0,0.0,1.0,1.0
YHR011W,0.0,1.0,1.0,0.0,1.0,1.0
YJL068C,0.0,1.0,0.0,0.0,1.0,0.0
YBR213W,0.0,0.0,0.0,0.0,0.0,0.0
YER091C,0.0,1.0,0.0,1.0,1.0,0.0
YML082W,0.0,1.0,0.0,0.0,1.0,0.0
YOR171C,0.0,1.0,0.0,0.0,1.0,0.0
YGR264C,1.0,0.0,0.0,1.0,0.0,0.0
YLR260W,0.0,0.0,0.0,0.0,1.0,0.0
YPL092W,0.0,1.0,1.0,0.0,0.0,1.0
YGR171C,0.0,1.0,1.0,0.0,1.0,1.0
YLR092W,0.0,1.0,0.0,0.0,1.0,0.0
YBR294W,0.0,1.0,1.0,0.0,1.0,1.0
YGR125W,0.00017795662127049032,1.0,1.0,0.00017795662127049032,0.0,1.0
YGR055W,0.0,1.0,0.0,0.0,1.0,0.0
YPR069C,1.0,0.0,0.0,1.0,0.0,0.0
YLR146C,1.0,0.0,0.0,1.0,0.0,0.0
YHL036W,1.0,1.0,0.0,1.0,1.0,0.0
YMR208W,1.0,1.0,0.00011745137003834069,1.0,0.00011745137003834069,0.00011745137003834069
YPR156C,0.0,1.0,1.0,0.0,0.0,1.0
YJR073C,0.0005071763706208974,1.0,0.0005071763706208974,0.0005071763706208974,0.0005071763706208974,0.0005071763706208974
YGR138C,0.0,1.0,1.0,0.0,0.0,1.0
YGR175C,1.0,0.0,1.0,1.0,0.0,1.0
YDR315C,0.0,1.0,1.0,0.0,1.0,1.0
YHR190W,1.0,1.0,0.0,1.0,0.0,0.0
YBR006W,0.0,1.0,0.0,0.0,1.0,1.0
YDR173C,0.0,0.0,0.0,0.0,1.0,0.0
YJL045W,0.0,1.0,0.0,0.0,1.0,0.0
YHR046C,0.00010860746522300957,0.00010860746522300957,1.0,0.00010860746522300957,1.0,1.0
YKL148C,0.0016803273286670193,1.0,1.0,0.0017242371710007242,0.0,1.0
YKL141W,1.0,1.0,0.0,0.0017242371710007242,0.0015963127426128528,0.0
YJL153C,0.0,1.0,0.0,0.0,1.0,0.0
YLL041C,1.0,1.0,1.0,1.0,0.0015963127426128528,1.0
YDR072C,1.0,1.0,0.0,1.0,1.0,0.0
YLR164W,0.0017242371710007242,0.0017242371710007242,0.0017242371710007242,0.0017242371710007242,0.0017242371710007242,0.0017242371710007242
YPL057C,0.0,1.0,1.0,0.0,1.0,1.0
YDR178W,0.0,1.0,0.0015963127426128528,0.0,0.0015963127426128528,0.0015963127426128528
YMR118C,0.0,0.0,1.0,0.0,0.0,1.0
YBR161W,1.0,0.0,1.0,1.0,0.0,1.0
YJR095W,0.0,1.0,1.0,0.0,1.0,1.0
YLL061W,1.0,1.0,0.0,1.0,1.0,0.0
YIL162W,0.0,0.0,0.0,0.0,0.0,0.0
YJR137C,0.0,1.0,0.0,0.0,0.0,0.0
YBR176W,0.0,1.0,1.0,0.0,1.0,1.0
YFR030W,0.0,1.0,0.0,1.0,0.0,0.0
YLR017W,1.0,0.0,1.0,1.0,0.0,1.0
YMR313C,1.0,1.0,0.0,1.0,1.0,0.0
YDR058C,0.0,1.0,1.0,0.0,1.0,1.0
YKR080W,0.0,1.0,0.0,0.0,1.0,0.0
YLR354C,1.0,1.0,0.036605974233331735,1.0,1.0,0.034799987641317316
YGR043C,0.0,1.0,0.0,0.0,1.0,0.0
YGL125W,1.0,1.0,0.0,1.0,0.0,0.0
YLL057C,0.0,1.0,1.0,0.0,1.0,1.0
YLL048C,1.0,0.0,0.0,1.0,0.0,0.0
YPL023C,0.00013984543125910944,0.00013984543125910944,0.00013984543125910944,0.00013984543125910944,0.00013984543125910944,0.00013984543125910944
YOR241W,1.0,0.0,0.0,1.0,0.0,0.0
YGR260W,1.0,1.0,1.0,1.0,0.0,1.0
YMR113W,0.0,0.0,0.0,0.0,0.0,0.0
YGL067W,1.0,0.0,0.0,1.0,1.0,0.0
YKL132C,0.0,0.0,1.0,0.0,0.0,1.0
YDR453C,0.0,1.0,0.0,0.0,1.0,0.0
YDL085W,0.0,1.0,0.0,0.0,1.0,0.0003331110562520405
YCR083W,0.0,1.0,1.0,0.0,1.0,0.0
YBL064C,0.0,1.0,0.0,0.0,1.0,0.0
YMR145C,0.0,1.0,0.0,0.0,1.0,0.0
YML120C,0.14305857059297716,1.0,0.0,0.1420606134857979,0.08812973471364499,0.0
YIL010W,0.0,1.0,0.0,0.0,1.0,0.0
YPL188W,1.0,1.0,0.0,1.0,0.0,0.0
YLR109W,0.0,1.0,0.0,0.0,1.0,0.0
YJR049C,0.0,1.0,1.0,0.0,1.0,1.0
YBR092C,1.0,0.0,1.0,1.0,0.0,1.0
YEL041W,0.0,1.0,1.0,0.0,1.0,1.0
YGR096W,0.0,0.0,0.0,0.0,0.0,0.0
YHR074W,1.0,1.0,0.0,1.0,0.0,0.0
YLR237W,0.0,0.0,1.0,0.0,0.0,1.0
YOR071C,1.0,1.0,1.0,1.0,0.0,1.0
YOR209C,1.0,0.0,0.0,1.0,0.0,0.0
YOR192C,0.0,1.0,1.0,0.0,1.0,1.0
YLR138W,0.0,0.0,0.0,0.0,0.0,0.0
YEL042W,1.0,0.0,1.0,1.0,0.0,1.0
YEL046C,1.0,1.0,0.0,1.0,0.00015992861699048872,0.0
YKL218C,0.0,1.0,1.0,0.0,1.0,1.0
YER086W,1.0,0.0,1.0,1.0,0.0,1.0
YKL067W,0.0012207616392183492,1.0,0.000936053215436226,0.0010538207145426117,1.0,0.0007455086007696529
YBR180W,2.5778981541742205e-05,1.0,1.0,0.0,0.0,1.0
YIL078W,1.0,0.0,0.0,1.0,0.0,0.0
YDR402C,2.5778981541742205e-05,0.0007735526660514561,1.0,0.0,0.0,1.0
YKL194C,0.0,1.0,1.0,0.0,1.0,1.0
YGR121C,0.0,1.0,1.0,0.0,1.0,1.0
YNL142W,0.0,1.0,1.0,0.0,1.0,1.0
YBR117C,0.0,1.0,0.0,0.0,0.0031384555426382894,0.0
YPR138C,0.0,0.0,1.0,0.0,0.0,1.0
YPR074C,1.0,0.0,0.004256850643729113,1.0,0.0,0.004256850643729113
YDR384C,1.0,0.0,0.0,1.0,0.0,0.0
YGR010W,0.0,0.0,1.0,0.0,1.0,1.0
YLR328W,1.0,0.0,0.0,1.0,0.0,0.0
YGL037C,0.0,1.0,0.0,0.0,1.0,0.0
YFR047C,0.0,1.0,0.0,0.0,1.0,0.0
YLR285W,1.0,0.0,0.0,1.0,0.0,0.0
YOR155C,0.0,1.0,0.0,0.0,1.0,0.0
YGL224C,0.0,0.0,0.0,0.0,0.0,0.0
YJL126W,0.0,1.0,1.0,0.0,1.0,1.0
YIL164C,0.0,1.0,1.0,0.0,1.0,1.0
YLR351C,1.0,0.0,0.0,1.0,0.0,0.0
YKL120W,1.0,0.0,0.011692980390927702,1.0,9.864750296524404e-05,0.011889991170707761
YJL088W,0.0,1.0,0.0,0.0,1.0,0.0
YOR377W,1.0,0.0,1.0,1.0,0.0,1.0
YGR177C,1.0,0.0,1.0,1.0,0.0,1.0
YOR184W,1.0,1.0,0.0,1.0,1.0,0.0
YEL021W,1.0,1.0,1.0,1.0,1.0,1.0
YKL184W,1.0,0.0,0.0,1.0,0.0,0.0
