Reaction_id,Condition_1,Condition_2,Condition_3,Condition_4,Condition_5,Condition_6
13BGH,0.0,0.0,0.0,0.0,0.0,0.0
13GS,0.7673916605074591,0.767391660507458,0.7673916605074591,0.7673916605074591,0.7673916605074591,0.7673916605074591
2DDA7Ptm@CITtbm@DDPAm@E4Ptm,0.0,0.0,0.0,0.0,0.0,0.0
2DHPtm@DPRm@PANTtm,0.0,0.0,0.0,0.0,0.0,0.0
2HBO@2HBt2,0.0,0.0,0.0,0.0,0.0,0.0
2MBACt@OHACT3,0.0,0.0,0.0,0.0,0.0,0.0
2MBALDt,0.0,0.0,0.0,0.0,0.0,0.0
2MBALDtm@2MBTOHtm@ALCD22xim,0.0,0.0,0.0,0.0,0.0,0.0
2MBTOHt,1.2218773550159072,0.0,0.0,1.476945306271831,0.0,0.0
2MPPALt,0.0,0.0,0.0,0.0,0.0,0.0
ACALDCD,6.172876586817807,6.91800739422007,0.0,5.8127925381942305,6.986233507674266,1.8905663659574974
ACALDt,0.0,0.0,0.0,0.0,0.0,0.0
ACALDtm,0.0,0.0,0.0,0.0,0.0,0.0
ACCOAC,0.26887109992663116,0.2688710999499626,0.26887109994996417,0.26887109992662583,0.26887109994995995,0.26887109992662556
AGAT_SC,0.01680300847114296,0.01680874907819405,0.01680300847278634,0.016804370659045744,0.016808578678107956,0.01680300847114296
AGPRim@ACGKm@ACOTAim@ORNTACim@ORNt3m,0.0,0.0,0.0,0.0,0.0,0.0
AGTi,0.0,0.0,0.0,0.0,0.0002,0.0002
2MPPALtm@ALCD23xim@IBUTOHtm,0.0,0.0,0.0,0.0,0.006648003858812757,0.0
ACESt,0.0,0.0,0.0,0.0,0.0,0.0
AHCi,0.012645597507478724,0.012645597507478724,0.012645597507478724,0.012645597507478724,0.012645597507478724,0.012645597507478724
AHSERL2,0.0,0.0,0.0,0.0,0.0,0.0
2OBUTtm,52.0,0.0,0.0,52.0,0.0,0.0
2OXOADPtim@AATA@HCITSm@HACNHm@HICITDm@MCITDm@OXAGm@SACCD1@SACCD2,0.0,0.0,0.0,0.0,0.0,0.0
ACHBSm@DHAD2m@KARA2im,1.2590701569345457,0.0,0.0,1.494848033340336,0.0,0.0
ACHLE1,0.0,0.0,0.0,0.0,0.0,0.0
2PHETOHt,0.0,0.0,0.0,0.0,0.0,0.0
ACHLE2,0.0,0.0,0.0,0.0,0.0,0.0
ACHLE3,0.0,0.0,0.0,0.0,0.0,0.0
ACLSm@DHAD1m@KARA1im,0.0,0.0,0.20536359747874755,0.0,0.0,0.20536359747874755
2PHETOHtm@ALCD25xim@PACALDtm,0.0,0.0,0.0,0.0,0.02153490478930091,0.0
ACOAHim,0.0,0.0,0.0,0.0,0.0,0.0
AICART@IMPC,0.0,0.0,0.0,0.0,0.0,0.0
AIRCr@ADSL2r@GLUPRT@GARFT@PRAGSr@PRAIS@PRASCSi@PRFGS,0.0,0.0,0.0,0.0,0.0,0.0
AKGDam@AKGDbm@SUCOASm,5.040781986001058,4.982210796058483,3.8567927358124594,5.172511513002172,4.788738227838559,3.8125586663555646
AKGMAL,39.0,0.0,39.0,39.0,0.0,0.0
AKGt2r,1.0,0.0,1.0,1.0,0.0,0.0
ALATA_L,0.0,0.0,0.0,0.0,0.0,0.0
ALATA_Lm@ALAtmi,0.23519219383855577,0.22289353694032016,0.02857650304750059,0.2415720041513409,0.22742740780282428,0.0881471490612658
34HPPt2m@TYRTAim@TYRt2m,0.0,0.0,0.0,0.0,0.0,0.0
ALAt2r,0.07318493649596436,2.0,2.0,0.06868468763648272,2.0,0.09035273184478065
ACONT,0.00021071592774100697,0.00021979403622267475,0.00020524521459627906,0.00020544734105683491,0.00019999999999242846,0.00020167809891813475
ACONT3m@MCITL2m@MCITSm@OBDHm,0.0,0.0,0.0,0.0,0.0,0.0
ACONTm,1.4709122482879968,1.1770227998742875,0.0,1.4476690231502216,1.0085629803913752,0.0
ALCD22xi,1.2218773550159072,0.0,0.0,1.476945306271831,0.0,0.0
ALCD22yi,0.0,0.0,0.0,0.0,0.0,0.0
ALCD23xi,0.013072211410087888,0.013823865802295419,0.20536359747874755,0.009276974334107046,0.0,0.20786619632247708
ALCD23yi,0.0,0.0,0.0,0.0,0.0,0.0
ALCD24xi,0.002002462208600873,1.0118582073625682e-05,0.0,0.002486938309057315,0.0,0.0
ALCD24xim@3MBALDtm@IAMOHtm,0.0,0.0,0.0,0.0,0.00171609984294549,0.0
ACPSm@DPCOAK@PAN4Ptm@PAPtm@PTPATi,0.0,0.0,0.0,0.0,0.0,0.0
ACRNtm@CRNtim,0.0,0.0,0.0,0.0,0.0,0.0
ACS,0.30674026893038225,0.3067402689569997,0.30674026895700146,0.306740268930376,0.3067402689569966,0.3067402689303773
ACSm,0.0,0.0,0.0,0.0,0.0,0.0
ACt2r,0.0,0.0,0.0,0.0,0.0,0.0
ALCD24yi,0.0,0.0,0.0,0.0,0.0,0.0
ALCD25xi,0.0,0.021807147385225198,0.0,0.0,0.0,0.0012915614197826118
ALCD25yi,0.0,0.0,0.0,0.0,0.0,0.0
ACtm,0.0,0.0,0.0,0.0,0.0,0.0
3C3HMPt,0.0,0.0,0.0,0.0,0.0,0.0
ACtr,0.0,1.046914173419862,0.0,0.0,0.0,4.127467961825345
ADA,0.0,0.0,1.9664587360229473,0.0,0.04862130806353093,0.0
ADCL@ADCS@4ABZt,0.0,0.0,0.0,0.0,0.0,0.0
ALCD26xi,0.0,0.0,0.1184192807522235,0.0,0.0,0.11330878389750054
ALCD26xim@IND3ETHtm@ID3ACALDtm,0.0,0.0,0.0,0.0,0.0,0.0
ALCD2x_copy1,0.0,0.0,0.0,0.0,0.0,0.0
ALCD2ir,0.00022099182401928572,0.0,0.0003715289630742759,0.0002688127080440971,0.0,0.00036503824493239206
ALCD2irm@ETOHtm,0.0,0.0002,0.0,0.0,0.0003163480985606866,0.0
3C3HMPtm@IPPSm,0.0,0.0,0.0,0.0,0.0,0.0
ADD,0.0,0.0,0.0,1.966458736022932,0.0,0.0
ADEt2,2.0,0.033541263977071925,2.0,2.0,0.033541263977071904,0.033541263977074166
ADHAPR_SC@GAT2_SC,0.0,0.0,0.0,0.0,0.0,0.0
ADK1,0.8690724223344197,0.3286990678189387,0.870696730996672,0.9438686071062563,0.0,0.8706974267499921
ADK1m,46.0,0.0,46.0,46.0,46.0,46.0
ADK3,0.0,0.0,0.0,0.0,0.3245159000330894,0.0
ALCD2x_copy2,0.0,0.0,0.0,0.0,0.0,0.0
ALDD22x@MOHMT@PANTS@PNTOt2,0.0,0.0,0.0,0.0,0.0,0.0
ALDD2xm,0.0,0.0,0.0,0.0,0.0,0.0
ALDD2y,0.3896753241105945,0.4795073192902846,0.4390122426753619,0.39480165227879505,0.4751552740572772,0.4404874048756664
ALDD2ym,0.0,0.0,0.0,0.0,0.0,0.0
ADK3m@GTPt2m,0.0,0.0,0.0,0.0,0.0,0.0
ADK4@NDPK9,0.0,0.0,0.0,0.0,0.0,0.0
ADMDC@DKMPPD2@MDRPD@MTAP@MTRI@UNK3,0.0,0.0,0.0,0.0,0.0,0.0
ADNCYC@PDE1,0.0,0.0,0.0,0.0,0.0,0.0
ADNK1,0.04618686148451445,0.04862130806353093,0.04618686148451445,0.046186861484529725,0.0,0.04618686148453577
ADNUC,0.0,0.0,0.0,0.0,0.0,0.0
ADPT,0.0,0.0,0.0,0.0,0.0,0.0
ADSK@PAPSR,0.0,0.0,0.0,0.0,0.0,0.0
ALPHNH@UREASE,0.0,0.0,0.0,0.0,0.0,0.0
ADSL1r@ADSS,0.0,0.002090861083459704,0.0,0.0,0.0762415006241195,0.0
AMPN,0.0,0.0,0.0,0.0,0.0,0.0
AMPDA,0.0,0.0,0.0,0.0,0.027620192560588563,0.0
ANPRT@IGPS@PRAIi@TRPS1,0.0,0.0,0.0,0.0,0.0,0.0
ATPtm_H,31.59223767433721,31.570522701441465,30.113160510087276,31.72677330338049,30.38132806192583,30.057942841874542
ANS,0.0,0.0,0.0,0.0,0.0,0.0
AP4AH@ATPATF1,0.0,0.0,0.0,0.0,0.0,0.0
APRTO2@AABTN@NABTNO@POLYAO,0.0,0.0,0.0,0.0,0.0,0.0
3HAO@HKYNH@KYN3OX@QUILSYN,0.0,0.0,0.0,0.0,0.0,0.0
ARGN,0.041292609291430526,0.030080485479525368,0.0,0.04268720367049292,0.032318963771981804,0.0029219216862513653
BPNT,0.0,0.0,0.0,0.0,0.0,0.0
BTDD_RR@BTDt_RR,0.0,0.0,0.0,0.0,0.0,0.0
C14STR@C3STDH1@C3STDH2@C3STKR1@C3STKR2@C4STMO1@C4STMO2,0.001487717353818982,0.001487717353818982,0.001487717353818982,0.001487717353818982,0.001487717353818982,0.001487717353818982
C22STDS,0.0,0.0,0.0,0.0,0.0,0.0
C22STDSx,0.0,0.0,0.0,0.0,0.0,0.0
C24STRer@ERGSTter@ERGTETROLter,0.0004733646125771873,0.0004733646125771873,0.0004733646125771873,0.0004733646125771873,0.0004733646125771873,0.0004733646125771873
ARGSL@ARGSS@OCBT,0.0,0.0,0.0,0.0,0.0,0.0
ARGt2r,0.14996359963646816,0.138751475824563,2.0,0.15135819401553052,0.14098995411701942,0.11159291203128899
ASAD,0.0,0.0,0.0,0.0,0.0,0.0
ASNN,0.002251059699411223,0.00416187893483148,0.0004363630388512507,0.0,0.0019140832720369455,0.0
ASNNe,0.0,0.0,0.0,0.0,0.0,0.0
ASNS1,0.0,0.0,0.0,0.0,0.0,0.0
3MBALDt,0.0,0.0,0.0,0.0,0.0,0.0
C5STDS,0.0,0.0,0.0,0.0,0.0,0.0
C8STI,0.0,0.0,0.0,0.0,0.0,0.0
ASNt2r,0.0710241755556049,2.0,0.06920947889504493,0.06877311585619368,2.0,0.06877311585619368
ASNt6@ASNt7,0.0,0.0,0.0,0.0,0.0,0.0
CAT,0.0,0.0,0.0,0.0,0.0,0.0
ASPCT@DHORTS@OMPDC@ORPT,0.0,0.0,0.0,0.0,0.0,0.0
3MOBDC,0.013072211410087888,0.013823865802295419,0.20536359747874755,0.009276974334107046,0.006648003858812757,0.20786619632247708
ASPGLU2m,0.0,0.0,0.0,0.0,0.0,0.0
ASPK,0.0,0.0,0.0,0.0,0.0,0.0
ASPOcm@QULNS,0.0,0.0,0.0,0.0,0.0,0.0
CBPS,0.0,0.0,0.0,0.0,0.0,0.0
ASPTA,0.19885769511580687,0.24826741354698198,0.05001446429811815,0.18897334308449068,0.09864750296524405,0.0
ASPTAm,0.0,0.0,0.0,0.0,0.0,0.0
3MOBtm,0.0,0.0,0.0,0.0,0.0,0.0
ASPt2m,0.0,0.0,0.0,0.0,0.0,0.0
ASPt2n@ASPt5n@CO2tn@H2Otn@HCO3En@HCO3tn,0.0,0.0,0.0,0.0,0.0,0.0
CERASE124er,0.0,0.0,0.0,0.0,0.0,0.0
3MOPDC,1.2218773550159072,0.0,0.0,1.476945306271831,0.0,0.0
CERASE126er,0.0,0.0,0.0,0.0,0.0,0.0
ASPt2r,0.0,59.0,0.0,0.0,59.0,0.0
CERASE224er,0.0,0.0,0.0,0.0,0.0,0.0
CERASE226er,0.0,0.0,0.0,0.0,0.0,0.0
3MOPt,0.0,0.0,0.0,0.0,0.0,0.0
ATPH1,0.0,0.0,0.0,0.0,0.0,0.0
ATPM,1.0,1.0,1.0,1.0,1.0,1.0
CERS124er,0.0,0.0,0.0,0.0,0.0,0.0
CERS126er,0.0,0.0,0.0,0.0,0.0,0.0
CERS224er,0.0,0.0,0.0,0.0,0.0,0.0
ATPPRT@HISTD@HISTP@HSTPT@IG3PS@IGPDH@PRAMPC@PRATPP@PRMICI,0.0,0.002090861083459704,0.0,0.0,0.0,0.0
ATPS,0.0,0.0,0.0,0.0,0.0,0.0
ATPS3m,26.55145568833615,26.58831190538298,26.256367774274818,26.55426179037832,25.59258983408727,26.24538417551898
CERS226er,0.0,0.0,0.0,0.0,0.0,0.0
3MOPtm,0.0,0.021819637717567703,0.021908904861137474,0.0,0.01721238907827942,0.014853866720764455
CITtcm,0.21184209135345114,0.3034175279144616,41.0,0.2005318083865982,0.1457589005345902,0.0
CHLPCTD@CHOLK@DAGCPT_SC,0.0001,0.0001057406054077121,9.99999999999994e-05,0.00010136218790278111,0.00010557020532161679,9.99999999999994e-05
CHLSTI,0.0004733646125771873,0.0004733646125771873,0.0004733646125771873,0.0004733646125771873,0.0004733646125771873,0.0004733646125771873
CMPN,0.0,0.0,0.0,0.0,0.0,0.0
CHORM,0.0,0.0,0.0,0.0,0.0,0.0
CHORS@DHQS@DHQTi@SHK3Dr@SHKK@PSCVT,0.0,0.0,0.0,0.0,0.0,0.0
CO2t,0.0,0.0,0.0,0.0,0.0,0.0
CO2tm,0.0,0.0,0.0,0.0,0.0,0.0
CITt2r,0.0,0.0,0.0,0.0,0.0,0.0
CO2tv@PEtv_SC@PSERDv_SC@PStv_SC,0.0,0.0,0.0,0.0,0.0,0.0
COAtim,0.008926304122913897,0.008926304122913842,0.008926304122913894,0.008926304122913842,0.008926304122913897,0.008926304122913894
CITtam,0.0,0.0,29.0,0.0,0.0,29.0
CRNCARtm,0.0,0.0,0.0,0.0,0.0,0.0
DCTPD,0.0,0.0,0.0,0.0,0.0,0.0
DCYTD@NTD3,0.0,0.0,0.0,0.0,0.0,0.0
CSNATm@CSNATr,0.0,0.0,0.0,0.0,0.0,0.0
DDPA,0.0,0.0,0.0,0.0,0.0,0.0
DESAT16,0.006437758730637469,0.0,0.006437758731196218,0.006437758730637469,0.0,0.00643775873063747
DESAT18,0.012496825771237438,0.0,0.012496825772322069,0.012496825771237438,0.0,0.012496825771237438
CSND,0.07479160878756277,0.0,0.07479160878756166,0.0723571622085796,0.07235716220858138,0.07479160878756166
CSNt2,0.07479160878756277,0.0,0.07479160878756166,0.0723571622085796,0.07235716220858138,0.07479160878756166
CSm,1.4711229642157377,1.1772425939105102,0.0002052452145946404,1.4478744704912785,1.0087629803913671,0.00020167809891802335
DESAT18_2@DOLPMMer@DB4PS@DOLPMTcer@DOLPt2er@DROPPRy@DRTPPD@GTPCII@MAN1PT@MAN6PI@MANNANter@MI1PS@PMAN,0.0006694728091614793,0.0006694728092195845,0.0006694728092195845,0.0006694728091614793,0.0006694728092195845,0.0006694728091614793
DGK1,15.998377035614013,0.0,15.998377035614013,15.998377035614013,0.0,15.998377035614013
CTPS1,0.030227711689005482,0.03022771168900107,0.030227711689005482,0.030227711689005482,0.030227711689005482,0.030227711689005482
CTPS2,0.0,0.0,0.0,0.0,0.0,0.0
CTPtm@DASYNm_SC@PAtm_SC@PSERSm_SC,0.0,0.0,0.0,0.0,8.25006896209993e-05,8.25006896209993e-05
DHAK@GLYCDy,0.00010919254932992877,0.0001,0.0001,0.00010551620452978685,0.0001065016065329116,0.0001
CYOOm@O2tm,11.962306652137022,11.962306652135082,11.699294587694055,11.962306652137022,11.489661763771714,11.699294587694055
CYOR_u6m,23.924513304274043,23.924513304270164,23.398388916087832,23.924512493127498,22.979115613181634,23.398378307483153
DHAPtm@GLYC3Ptm,0.0,0.0,0.0,0.0,0.0,0.0
DHFR@TMDS,0.0024344465789803075,0.0,0.0024344465789803075,0.0,0.0,0.0024344465789803075
CYSS@SERAT,0.0,0.0,0.0,0.0,0.0,0.0
CYSTGL,0.012645597507478724,0.012645597507478724,0.012645597507478724,0.01264559750747872,0.009149461726000988,0.012645597507478724
CYSTL,0.0,0.0,0.0,0.09554978708116739,0.0,0.0
CYSTS,0.012645597507478724,0.012645597507478724,0.012645597507478724,0.10819538458864611,0.009149461726000988,0.012645597507478724
DHORD4i,0.0,0.0,0.0,0.0,0.0,0.0
DHORDfum,0.0,0.0,0.0,0.0,0.0,0.0
CYSt2r,2.0,0.0,0.0,2.0,0.0,0.0
CYTD,0.0,0.0,0.0,0.0,0.0,0.0
CYTDK2,0.0,0.0,0.0,0.0,0.0,0.0
DHORDi,0.0,0.0,0.0,0.0,0.0,0.0
CYTK1,0.0,0.0,0.0,0.0,0.0,0.0
CYTK2,0.0,0.0,0.0,0.0,0.0,0.0
DADA@PUNP6,1.9664587360229433,0.0,0.0,0.0,0.0,0.0
DADK,0.0,0.0,0.0,0.0,0.0,0.0
DIAT@POLYAO2,0.0,0.0,0.0,0.0,0.0,0.0
DAGPYP_SC,0.004563152061493145,0.004568892666900857,0.004563152061493145,0.004564514249395926,0.004568722266814762,0.004563152061493145
DMATT,0.0029754347076379637,0.0029754347076379637,0.0029754347076379637,0.0029754347076379637,0.0029754347076379637,0.0029754347076379637
DASYN_SC,0.011834115314458358,33.0,0.011834115314458358,0.011834115314458358,0.0035840463523584276,0.0035840463523584276
DCMPDA,16.0,0.0,0.0,16.0,0.0,0.0
4HGLSDm@PHCDm@PHCHGSm,0.0,0.0,0.0,0.0,0.0,0.0
DPMVD,0.008926304122913892,0.008926304122913892,0.008926304122913892,0.008926304122913892,0.008926304122913892,0.008926304122913892
DPR,0.0,0.0,0.0,0.0,0.0,0.0
ENO@PGM,15.344987013144596,15.546893285862444,16.95999412997412,14.888367544922566,15.427134406750206,16.04875382162025
DTMPK@DTTPt@NDPK4,0.0,0.0,0.0,0.0,0.0,0.0
DURIK1,0.0,0.0,0.0,0.0,0.0,0.0
DURIPP,2.0,2.0,2.0,2.0,0.0,2.0
DUTPDP,0.0,0.0,0.0,0.0,0.0,0.0
EPISTt,0.0,0.0,0.0,0.0,0.0,0.0
D_LACDcm,0.0,0.0,0.0001,0.0,0.0001,0.0001
4MOPDC,0.002002462208600873,1.0118582073625682e-05,0.0,0.002486938309057315,0.00171609984294549,0.0
D_LACDm,0.0,0.0,0.0,0.0,0.0,0.0
D_LACt2,0.0,0.0,0.0,0.0,0.0,0.0
D_LACt2m,229.0,0.0,0.0,229.0,0.0,0.0
D_LACtm,37.732974343766045,194.0,194.0,37.963362601774975,194.0,194.0
ERGSTt,0.0,0.0,0.0,0.0,0.0,0.0
ETOHt,0.0,0.0,0.0,0.0,0.0,0.0
6PGLter@G6PDH2er@G6Pter,0.0019610819663961696,0.0019610819663962165,0.001961081966396161,0.0019610819663961696,0.001961081966396161,0.001961081966396161
AASAD1,0.0,0.0,0.0,0.0,0.0,0.0
AASAD2,0.0,0.0,0.0,0.0,0.0,0.0
ABTA@SSALy,0.0,0.0,0.0,0.0,0.0,0.0
ABUTt2r,0.0,0.0,0.0,0.0,0.0,0.0
ACACT1r@HMGCOAS,0.0,0.0,0.0,0.0,0.0,0.0
ACACT1m@HMGCOASm@HMGCOAtm,0.008926304122913892,0.008926304122913892,0.008926304122913892,0.008926304122913892,0.008926304122913892,0.008926304122913892
FACOAL161,3.4000000000000007e-05,0.00647371053703484,3.3999999999999796e-05,3.446314388694558e-05,0.006473652601005532,3.3999999999999796e-05
FACOAL180,1e-05,1.057406054077121e-05,9.99999999999994e-06,0.014400420440215207,0.0019040154708839904,0.01440028422142493
FACOAL181,4.8e-05,0.01254758126291777,4.799999999999971e-05,4.865385019333493e-05,0.012547499470876446,4.799999999999971e-05
FACOAL182,1.8e-05,1.9033308973388177e-05,1.7999999999999892e-05,1.82451938225006e-05,1.9002636957891022e-05,1.7999999999999892e-05
FAS180,0.0,0.0,0.0,0.014390284221424928,0.0018934584503518287,0.01439028422142493
FAS100@FAS80_L,0.0,0.0,0.0,0.0,0.0,0.0
FAS100COA@FAS80COA_L,0.037869169003751056,0.037869169007037067,0.0378691690070373,0.03786916900375016,0.037869169007036615,0.03786916900375012
FAS120,4.000000000000001e-06,4.229624216308484e-06,3.999999999999976e-06,4.054487516111245e-06,4.222808212864672e-06,3.999999999999976e-06
FAS120COA,0.03710778562367606,0.03710755600268003,0.037107785626896574,0.037107731136159054,0.03710756281868302,0.03710778562367512
FAS140,1.6000000000000003e-05,1.6918496865233937e-05,1.5999999999999904e-05,1.621795006444498e-05,1.6891232851458687e-05,1.5999999999999904e-05
FAS140COA,0.03482363548345107,0.03482271698960891,0.03482363548647438,0.034823417533385734,0.03482274425362223,0.03482363548345013
FACOAL140,5.0,5.0,5.0,5.0,0.0,5.0
FAS160,0.0310527185830749,0.0,0.0,0.0,0.0,0.0
FAS160COA,0.0,0.024614959854573775,0.031052718585770078,0.031052718583074915,0.024614959854573848,0.0310527185830749
FAS161,0.0,0.006437758731196218,0.0,0.0,0.006437758731196182,0.0
FACOAL160,1.031106718583075,0.9875602741545981,1.000054,0.9856644513600425,0.9856667236881999,0.985663715778575
G3PDm,0.0,0.0,0.0,0.0,0.0,0.0
FAS180COA,0.01439028422142493,0.0018934584503518287,0.014390284222673898,0.0,0.0,0.0
GLUK,0.0,0.0,8.736799540250336,0.0,0.0,0.0
FAS181,0.0,0.012496825772322067,0.0,0.0,0.012496825772322069,0.0
G3PT,0.00010919254932992877,0.0001,0.0001,0.00010551620452978685,0.0001065016065329116,0.0001
G5SADs@P5CR,0.0,0.0,0.0,0.0,0.0,0.0
G5SADrm@PYR5CDm,0.0,0.0,0.10532177191353131,0.0,0.0,0.10256090359779897
G5SD,0.0,0.0,0.0,0.0,0.0,0.0
G5SD2,0.0,0.0,0.0,0.0,0.0,0.0
GLUN,1.767910786831648,1.910130703365987,1.9755476274275106,1.9287248140487432,1.933303957581955,2.0318321466690508
G6PDA,0.0,0.0,0.0,0.0,0.0,0.0
G6PDH2r,0.0,0.9952677151943553,0.49868544508317453,0.0020471955288732715,0.404740256591581,0.4073703250348006
G6PI,0.0,0.0,0.0,8.114858914976658,8.048661163245495,0.0
G6PI3,0.0,0.0,8.736799540250336,8.114858914976658,8.048661163245495,0.0
GALT@UGLT,0.0,0.0,0.0,0.0,0.0,0.0
GLUSx,0.0,0.0,0.0,0.0,0.0,0.0
GLUt2r,2.0,2.0,2.0,2.0,2.0,1.985359042147954
GLUt5m@PIt5m,0.0,0.0,0.0,0.0,0.0,0.0
GLUt7m,3.775875822574991,4.011771114862281,3.724842287725489,3.9253742982385496,3.8703959430454766,3.709996084658848
GLXt,0.0,0.0,0.0,0.0,0.0,0.0
GALUi,2.333565622699832,1.808388216604158,0.0,2.0090338273181008,1.1180195913967061,0.0
GAM6Pt,0.0,0.0,0.0,0.0,0.0,0.0
GAPD@PGK,15.344987013144596,15.546893285862444,16.95999412997412,14.888367544922566,15.427134406750206,16.04875382162025
GLYCLm,0.0,0.0,0.0,0.0,0.0,0.0
GLYCt,0.0,0.0,0.0,0.0,0.0,0.0
GLYCt2,0.0,0.0,0.0,0.0,0.0,0.0
GAT1_SC,0.01680300847114296,0.01680874907819405,0.01680300847278634,0.016804370659045744,0.016808578678107956,0.01680300847114296
GBEZ@GLYGS,0.0,0.0,0.0,0.0,0.0,0.0
GCC2am@GCC2bim,0.0,0.0,0.0,0.0,0.0,0.0
GCC2cm_copy1,0.0,0.0,3.8567927358124594,0.0,4.788738227838559,3.76832459689867
GCCam@GCCbim@GCCcm,0.0,0.0,0.0,0.0,0.0,0.0
GLYK,0.0,0.0,0.0,0.0,0.0,0.0
GLYOX,0.00010937893237208307,0.0001,0.0001,0.00011436683081901059,0.0001,0.0001
GLYt2m@GHMT2rm,0.0,0.0,0.0,0.0,0.0,0.0
GLYt2r,0.19327399060534586,2.0,0.1539304014557285,0.19637869070441147,0.18658297368498214,0.16011235554641762
GMPS2,0.0,0.0,0.0,0.0,0.0,0.0
GND@PGL,0.0019610819663961696,0.9972287971607515,0.5006465270495707,0.004008277495269441,0.4067013385579772,0.40933140700119675
GNNUC,0.0,0.0,0.0,0.0,0.0,0.0
GF6PTA,0.0,0.0,0.0,0.0,0.0,0.0
GPDDA1,0.0001,0.0001057406054077121,9.99999999999994e-05,0.00010136218790278111,0.00010557020532161679,9.99999999999994e-05
FBA,0.0001,0.0001,0.00010482087066746075,0.0001,0.00010121334680123186,0.00010648740663496313
GHMT2r,0.003104700099065605,0.022203230400797563,0.04244828924868296,0.0,0.0,0.036066335157993845
GRTT,0.0029754347076379637,0.0029754347076379637,0.0029754347076379637,0.0029754347076379637,0.0029754347076379637,0.0029754347076379637
GSNK,0.03339925459323112,0.033399254593288144,0.03339925459328863,0.03339925459323112,0.033399254593288144,0.03339925459323112
GK1,16.00229243719515,0.0022924371952064426,15.999857990616244,16.00229243719515,0.0022924371952064426,16.00229243719515
GK2,1.0,0.0,1.0024344465789632,1.0,0.0,1.0
GLCGSD,0.0,0.690368625207453,0.6523350691547569,0.0,0.0,0.0
GLCGSDv@GLCNtv,0.0,0.0,0.0,0.0,0.0,0.0
GTHOr,0.0,0.0,0.0,0.0,0.0,0.0
GLCP,1.2155460313031257,0.0,0.0,0.8910142359213946,0.0,0.2819163382429384
GLCS2,1.5661739621923727,1.0409965560967,1.002963000044004,1.2416421668106417,0.35062793088924704,0.6325442691321854
GTHPi,0.0,0.0,0.0,0.0,0.0,0.0
GLCt1,8.588500140991025,7.950379015931009,7.245220099917115,8.56808674768248,8.36183476479609,7.112153177823404
GLCtv,0.0,0.0,0.0,0.0,0.0,0.0
FBA3@PFK_3,7.704368032109012,7.639787003317458,8.428747968990718,7.475719998265691,7.677983073848655,7.988350639254037
GLNS,0.0,0.0,0.04682281337876748,0.0,0.004579143533211871,0.10310733262030769
FBP,0.0,0.0,0.0,0.0,0.0,0.0
GLNt2r,1.8391859727829047,2.0,2.0,2.0,2.0,2.0
GLNt6@GLNt7,0.0,0.0,0.0,0.0,0.0,0.0
GTPH1,0.0,0.0,0.0,0.0,0.0,0.0
FBP26@PFK26,0.0,0.0,0.0,0.0,0.0,0.0
GLU5K,0.0,0.0,0.0,0.0,0.0,0.0
GLUDC,0.0,0.0,0.0,0.0,0.0,0.0
GUAD,0.0,0.0,0.0,0.0,0.0,0.0
GUAPRT,0.0,0.0,0.0,0.0,0.0,0.0
GUAt2r,2.0,2.0,2.0,2.0,2.0,2.0
H2Ot,0.0,0.0,0.0,0.0,0.0,0.0
GLUDxi,0.0,0.0,0.0,0.0,0.0,0.0
GLUDy,0.0,0.0,0.0,0.0,0.0,0.0
H2Oter@HMGCOAR@LNSTLS@O2ter@PMEVK@SQ23EPXter@SQLEr@SQLS@SQLter,0.001487717353818982,0.001487717353818982,0.001487717353818982,0.001487717353818982,0.001487717353818982,0.001487717353818982
H2Otm,0.0,109.84912330291152,0.0,0.0,111.35384062955683,108.18572157634927
H2Otv,0.179838759190746,0.8538520382853416,0.2979989133723735,0.07606263817817194,0.0,0.21119379595333143
FDH,0.0,0.0,0.0,0.0,0.0,0.0
FDNG,0.0,0.0,0.0,0.0,0.0,0.0
HCO3E,0.0,0.0,0.0,0.26887109992662583,0.0,0.26887109992662556
FE2utm@FEtm,0.0,0.0,0.0,0.0,0.0,0.0
HCYSMT,0.0,0.0,0.0,0.0,0.0,0.0
HETZK@HMPK1@PMPK@TMN@TMPPP,0.0,0.0,0.0,0.0,0.0,0.0
HEX1,9.468436465554717,10.42737387447222,2.2745852339537325,9.240470830221025,9.576966139552876,9.888215668451313
HEX7@SBTD_D2,0.0,0.0,0.0,0.0,0.0,0.0
ILEtmi@ILETAm,0.037192801918638496,0.021819637717567703,0.021908904861137474,0.01790272706850507,0.01721238907827942,0.014853866720764455
FECOSTt,0.0,0.0,0.0,0.0,0.0,0.0
FKYNH@TRPO2,0.0,0.0,0.0,0.0,0.0,0.0
IMPD,0.0,0.0,0.0,0.0,0.0,0.0
IND3ETHt,0.0,0.0,0.1184192807522235,0.0,0.0,0.11330878389750054
INDPYRD@TRPTA,0.0,0.0,0.1184192807522235,0.0,0.0,0.11330878389750054
INSK,0.0,0.0,0.0,0.0,0.04862130806353093,0.0
HISt2r,1.0,0.042743530079427626,0.04483439116288733,0.04483439116288733,1.0,0.04483439116288733
IPC124PLC_SC@IPCS124_SC,0.0,0.0,0.0,0.0,0.0,0.0
IPC126PLC_SC@IPCS126_SC,0.0,0.0,0.0,0.0,0.0,0.0
IPC224PLC_SC@IPCS224_SC,0.0,0.0,0.0,0.0,0.0,0.0
IPC226PLC_SC@IPCS226_SC,0.0,0.0,0.0,0.0,0.0,0.0
IPC324PLC_SC@IPCS324_SC,0.0,0.0,0.0,0.0,0.0,0.0
IPC326PLC_SC@IPCS326_SC,0.0,0.0,0.0,0.0,0.0,0.0
HSDxi,0.0,0.0,0.0,0.0,0.0,0.0
IPDDI,0.0029754347076379637,0.0029754347076379637,0.0029754347076379637,0.0029754347076379637,0.0029754347076379637,0.0029754347076379637
IPMD@IPPMIa@IPPMIb@OMCDC,0.0,0.0,0.0,0.0,0.0,0.0
IPPS,0.0,0.0,0.0,0.0,0.0,0.0
HSDy,0.0,0.0,0.0,0.0,0.0,0.0
HSERTA,0.0,0.0,0.0,0.0,0.0,0.0
HSK@THRS,0.0,0.0,0.0,0.0,0.0,0.0
HXANt2r,0.0,0.0,0.0,0.0,0.0,0.0
HXPRT,0.0,0.0,0.0,0.0,0.0,0.0
HYPOE@PYDAMK,0.0,0.0,0.0,0.0,0.0,0.0
IAMACt,0.0,0.0,0.0,0.0,0.0,0.0
IAMOHt,0.002002462208600873,1.0118582073625682e-05,0.0,0.002486938309057315,0.00171609984294549,0.0
IBUTACt,0.0,0.0,0.0,0.0,0.0,0.0
IBUTOHt,0.013072211410087888,0.013823865802295419,0.20536359747874755,0.009276974334107046,0.006648003858812757,0.20786619632247708
ICDHxm,0.0,0.873605271959826,0.0,0.0,0.8628040798567849,0.0
KYN,0.0,0.0,0.0,0.0,0.0,0.0
LALDO3@LCADi,0.0001,0.0001,0.00010025930027908512,0.00010081114654497732,0.00010791436179580611,0.0001108679049587582
ICDHyr,0.21205280728119213,0.30363732195068427,0.0002052452145946404,0.20073725572765505,0.14575890053458262,0.0
ICDHym,1.2590701569345457,0.0,0.0,1.2471372147636235,0.0,1.678098918134744e-06
ICL,0.0,0.0,0.0,0.0,0.0002,0.0002
LANOSTt,0.0,0.0,0.0,0.0,0.0,0.0
LEUTA,0.002002462208600873,1.0118582073625682e-05,0.0,0.0024869383090573155,0.00171609984294549,0.0
ID3ACALDt,0.0,0.0,0.0,0.0,0.0,0.0
ILETA,0.0,0.021819637717567703,0.021908904861137474,0.0,0.01721238907827942,0.014853866720764455
ILEt2r,2.0,0.13031051549152925,0.13031051549152925,2.0,2.0,0.13031051549152928
ILEt6@ILEt7,0.089919379595373,0.0,0.0,0.0,0.0,0.0
LEUt2r,0.2024385638779795,0.20044622025145226,0.20043610166937864,0.20292303997843597,0.20215220151232413,0.20043610166937864
LEUt6@LEUt7,0.0,0.0,0.0,0.0,0.0,0.0
LGTHL,0.00010937893237208307,0.0001,0.0001,0.00011436683081901059,0.0001,0.0001
LNS14DM,0.0,0.001487717353818982,0.0,0.0,0.001487717353818982,0.0
LNS14DMx,0.001487717353818982,0.0,0.001487717353818982,0.001487717353818982,0.0,0.001487717353818982
FORt,0.0,0.0,0.0,0.0,0.0,0.0
LPCAT_SC@PCDAGAT,0.0,0.0,0.0,0.0,4.463152061463897e-05,0.0
LPP_SC@PAK_SC,0.0,0.0,0.0,0.0,0.0,0.0
FRDcm,0.0002,0.0002,0.00025280142694613755,0.0002,0.0,0.0
LYSt2r,1.0,1.0,0.19353850302893444,1.0,0.19353850302893444,0.19353850302893444
MALS,0.0,0.0,0.0,0.0,0.0,0.0
MALt2r,0.0,1.0,0.0,0.0,1.0,1.0
MALtm,1000.0,0.0,1000.0,6.979298134110015,0.0,11.889791170707761
L_LACD2cm,0.0001,0.0001,0.00010025930027908512,0.00010081114654497732,0.00010791436179580611,0.0001108679049587582
L_LACt2r,0.0,0.0,0.0,0.0,0.0,0.0
FRDm,0.0,0.0,0.0,0.0,0.0,0.0
MDH,0.0,0.0,0.0,0.0,0.0,0.0
MDHm,12.074185559112644,249.04113494335127,15.499492964046116,12.10483608426313,248.5914098285268,15.599748821281295
ME1m,0.2591898835917643,0.19143412733762943,0.0,0.0,0.27376989993589973,0.0
ME2m,0.0,0.0,0.10004182556521624,0.2477108185767125,0.0,0.10280101578203045
FTHFCLm@THFATm,0.0,0.0,0.0,0.0,0.0,0.0
METAT,0.012645597507478724,0.012645597507478724,0.012645597507478724,0.012645597507478724,0.012645597507478724,0.012645597507478724
MTHFC,20.000670253520084,0.022203230400797563,0.040013842669702655,20.0,0.0,0.03363188857901354
MTHFD,31.0,0.022203230400797563,0.040013842669702655,31.0,0.0,0.03363188857901354
MTHFD2i,0.0,0.0,0.0,0.0,0.0,0.0
MTHFR3@METS,0.0,0.0,0.0,0.0,0.003496135781477736,0.0
METB1,0.0,0.0,0.0,0.0,0.0,0.0
FTHFLi,0.0,0.0,0.0,0.0,0.003496135781477736,0.0
METt2r,2.0,2.0,0.04693072016145139,2.0,2.0,0.04693072016145139
NADH2_u6cm,0.0,6.456427044752468,0.0,0.0,6.557052403141936,0.04397065942526934
NADH2_u6m,18.883731318272986,12.48587546345921,19.54184898170232,18.752000980125324,11.633124982201139,19.54184898170232
NADK,0.0,0.0,0.0,0.0,0.0,0.0
MEVK1,0.0,0.0,0.0,0.0,0.008926304122913892,0.0
MEVK2,0.008926304122913892,0.008926304122913892,0.008926304122913892,0.008926304122913892,0.0,0.008926304122913892
MEVK3,0.0,0.0,0.0,0.0,0.0,0.0
MEVK4,0.0,0.0,0.0,0.0,0.0,0.0
MFAPS_SC@PETOHM_SC@PMETM_SC,0.004057410964967179,0.004057410964967179,0.004057410964967179,0.004057410964967179,0.004057410964967179,0.004057410964967179
MGSA,0.00020937893237208308,0.0002,0.00020025930027908512,0.0002151779773639879,0.0002079143617958061,0.0002108679049587582
NADKm@NADPPPSm,0.0,0.0,0.0,0.0,0.0,0.0
NADPPPS,0.0,0.0,0.0,0.0,0.0,0.0
NADPt@NADS1@NNATr@NNDPR,0.0,0.0,0.0,0.0,0.0,0.0
FUM,0.0,102.0,0.0,0.0,0.0764415006241195,0.0
MI1PP@PINOS_SC,0.0035840463523584276,0.0035840463523584276,0.0035840463523584276,0.0035840463523584276,0.0035840463523584276,0.0035840463523584276
NDP1,0.0,0.0,0.0,0.0,0.0,0.0
NDP3,0.0,0.0,0.0,0.0,0.0,0.0
NDP4,0.0,0.0,0.0,0.0,0.0,0.0
NDP7,0.0,0.0,0.0,0.0,0.0,0.0
FUMm,5.040781986001058,4.982210796058483,3.8567927358124594,5.172511513002172,4.788738227838558,3.8125586663555646
NDPK1,0.0,0.6230708469250237,0.0,0.0,1.0217373864987773,0.0
NDPK2,2.3637933343888373,1.840238892679146,1.8046397832054357,2.0392615390071063,1.1498702674716985,1.4342210522936172
NDPK3,0.0,0.0,0.0,0.0,0.0,0.0
NDPK5,0.0,0.0,0.0,0.0,0.0,0.0
NDPK6,0.0,0.0,0.0,0.0,0.0,0.0
FUMt2r,0.0,0.0,0.0,0.0,0.0,0.0
NDPK7,0.0,0.0,0.0,0.0,0.0,0.0
NDPK8,0.0,0.0,0.0,0.0,0.0,0.0
NFORTYRt@NFTYROX@TYRNFT,0.00033512676004264865,0.01005618465866893,0.020006921334851328,0.0,0.0,0.01681594428950677
NH4t,0.0,42.23788417098985,40.05603614894756,0.0,0.0,42.09075402794234
NH4ti,5.788861557445745,0.0,0.0,5.915123483820617,0.0,0.0
NH4tm,0.0,0.0,0.0,0.0,0.0,0.0
NTD1,0.0,0.0,0.0,0.0024344465789973846,0.0,0.0
NTD10@PUNP7,0.0,0.0,0.0,0.0,0.0,0.0
NTD11,0.0,0.0,0.0,0.0,0.0,0.0
NTD2,0.0,0.0,0.0,0.0,0.0,0.0
NTD4,0.0,0.0,0.0,0.0,0.0,0.0
NTD5,0.0,0.0,0.0,0.0,0.0,0.0
NTD6,0.0,0.002434446578980933,0.0,0.0,0.0024344465789803075,0.0
NTD7,0.0,0.0,0.0,0.0,0.0,0.0
NTD8@PUNP4,0.0,0.0,0.0,0.0,0.0,0.0
NTD9,0.0,0.0,0.0,0.0,0.0,0.0
NTP3,0.0,0.0,0.0,0.0,0.0,0.0
G3PCt,0.0,0.0,0.0,0.0,0.0,0.0
G3PD1ir,0.01681220102047289,0.016803008472786336,0.016803008472786336,0.016808524675672745,0.016809510079319252,0.01680300847114296
NTP4,0.0,0.0,0.0,0.0,0.0,0.0
G3PD1irm,0.0,0.0,0.0,0.0,0.0,0.0
O2t,12.0,12.0,11.736987935558973,12.0,11.527355111636632,11.736987935557035
OAAt,0.0,0.0,0.0,0.0,0.0,0.0
PEtm_SC@PSERDm_SC,7.100469188692563e-05,7.100469188692563e-05,7.100469188692563e-05,7.100469188692563e-05,7.100469188692563e-05,7.100469188692563e-05
OAAt2m,417.0,0.0,0.0,417.0,0.09864750296524405,0.0
PPM,82.0,82.0,82.0,82.0,82.0,82.0
OHACT1,0.0,0.0,0.0,0.0,0.0,0.0
PFK,0.0001,0.0001,0.00010482087066746075,0.0001,0.00010121334680123186,0.00010648740663496313
OHACT2,0.0,0.0,0.0,0.0,0.0,0.0
PGCD@PSERT@PSP_L,0.0,0.0,0.0,0.0,0.0,0.0
PGI,8.344871745839225,7.618172814354619,0.0,0.0,0.0,8.35728062370102
OHACT4,0.0,0.0,0.0,0.0,0.0,0.0
PGMT,0.0,0.0,0.0,0.0,0.0,0.0
OHACT5@PHEACt,0.0,0.0,0.0,0.0,0.0,0.0
ORNDC,0.0,0.0,0.0,0.0,0.0,0.0
PPND,0.0,0.0,0.0,0.0,0.0,0.0
ORNTA,0.0,0.0,0.0,0.0,0.0,0.0
ORNt2r,0.0,0.0,0.0,0.0,0.0,0.0
PHETA1,0.0,0.0218071473852252,0.0,0.0,0.02153490478930091,0.001291561419782612
PHEt2r,2.0,0.11235503542007608,0.09054788803485088,0.09054788803485088,0.11208279282415179,0.09183944945463349
PI35BP5P_SC@PI3P5K_SC,0.0,0.0,0.0,0.0,0.0,0.0
PPND2,0.0,0.0,0.0,0.0,0.0,0.0
P5CDm,0.005836006491520246,0.09683440923637636,0.026628676173438892,0.0,0.05553820493629717,0.0
PPNDH,0.0,0.0,0.0,0.0,0.0,0.0
PACALDt,0.0,0.0,0.0,0.0,0.0,0.0
PI45BP5P_SC@PI4P5K_SC,0.0,0.0,0.0,0.0,0.0,0.0
PIt2m,238.67277832375945,231.51724365412122,241.85569731867156,238.70607143749052,30.295310524091168,241.9312338746581
PAPt,0.0,0.0,0.0,0.0,0.0,0.0
PIt2r,0.13369169129412928,0.13369169129629288,0.1336916912963222,0.133691691294195,0.1336916912963333,0.13369169129422254
PC,0.0,0.0,0.0,0.0,0.0,0.0
PLBPC_SC,0.0002,0.0002114812108154242,0.0001999999999999988,0.00020272437580556223,0.00021114041064323357,0.0001999999999999988
PLD_SC,0.0,0.0,0.0,0.0,0.0,0.0
PMDPHT,0.0006694728092195845,0.0006694728092195845,0.0006694728092195845,0.0006694728092195845,0.0006694728092195845,0.0006694728092195845
GCC2cm_copy2,5.040781986001058,4.982210796058483,0.0,5.172511513002172,0.0,0.04423406945689479
PDHm,1.4979018765844794,1.2040215062792519,0.02698415758333632,1.4746533828600201,1.0355418927601088,0.0269805904676597
PMI12346PH@PMI12346PS,0.0,0.0,0.0,0.0,0.0,0.0
PMI1346PH@PMI1346PS,0.0,0.0,0.0,0.0,0.0,0.0
PPYRDC,0.0,0.0218071473852252,0.0,0.0,0.02153490478930091,0.0012915614197826118
PYRDC2,0.0,0.0,2.991440213302905,0.0,0.0,0.0
PYRt,0.0,0.0,0.0,0.0,0.0,0.0
POLYAO3,0.0,0.0,0.0,0.0,0.0,0.0
PYRt2,0.0,0.0,0.0,0.0,0.0,0.0
PYRt2m,194.0,36.235480915881936,35.36624603002312,194.0,0.0,35.4230539187044
PPA,3.22101176777459,2.700033305736154,2.657800805700316,2.8964840589565615,1.997232378199419,2.279132005752297
PPAm,0.0,0.0,0.0,0.0,0.00825006896209993,0.00825006896209993
PPCK,0.0,0.0,0.0,0.0,0.0,0.0
SLFAT,0.0,76.0,0.0,0.0,76.0,0.0
RBFSa,0.001338945618439169,0.001338945618439169,0.001338945618439169,0.001338945618439169,0.001338945618439169,0.001338945618439169
RBFSb,0.0006694728092195845,0.0006694728092195845,0.0006694728092195845,0.0006694728092195845,0.0006694728092195845,0.0006694728092195845
SO3ti,0.0,0.0,0.0,0.0,0.0,0.0
SO4ti,0.013524703216557264,0.013524703216560852,0.013524703216557264,0.013524703216557264,0.013524703216560852,0.013524703216557264
RBK,0.0,0.0,0.0,0.0,0.0,0.0
SPMDAT1,0.0,0.0,0.0,0.0,0.0,0.0
RNDR1,0.0024344465789631897,0.0,0.0,0.0024344465789631897,0.0,0.0024344465789631897
SPMDt3i,0.5651224473920107,3.2401069657856767,0.0,0.46555157069362685,0.0,0.0
SPMDtex2,0.5651224473920107,3.2401069657856767,0.0,0.46555157069362685,0.0,0.0
RNDR2,0.0016229643859873022,0.0,0.0,0.0016229643859873022,0.0,0.0
RNDR3,0.0,0.0,0.0,0.0,0.0,0.0
SPMS,0.0,0.0,0.0,0.0,0.0,0.0
SPRMS,0.0,0.0,0.0,0.0,0.0,0.0
RNDR4,0.0040574109649682555,0.0,0.0,0.004057410964982466,0.0,0.0
PRO1xm@PROtm,0.005836006491520246,0.09683440923637636,0.1319504480869702,0.0,0.05553820493629717,0.10256090359779896
RNTR1,0.0,0.0048688931579612404,0.0024344465789631897,0.0,0.004868893157960615,0.0
RNTR2,0.0,0.0016229643859868715,0.0016229643859873022,0.0,0.0016229643859868715,0.0016229643859873022
RNTR3,0.0,0.0,0.0,0.0,0.0,0.0
RNTR4,0.0,0.0016229643859868715,0.004057410964967179,0.0,0.0016229643859868715,0.004057410964967179
RPE,17.905926672660154,0.5680445754006211,0.23838363604883034,17.907291469679393,0.1757535103877442,0.17750688935001377
PROt2r,0.11721193747986931,0.20821034022472543,0.2433263790753193,0.11137593098834907,2.0,0.21393683458614804
RPI,0.0,0.0,0.0,0.0,0.0,0.0
SUCCt2r,0.0,0.0,0.0,0.0,0.0,0.0
SADT,0.0,0.0,0.0,0.0,0.0,0.0
SAM24MT,0.0,0.0,0.0,0.0,0.0,0.0
SUCCtm,0.0,0.0,0.0,0.0,0.0,0.0
SUCD1m,0.0002,0.0,0.0,0.0002,0.0,0.976379561482994
SUCD2_u6m,5.040781986001058,4.982410796058484,3.8567927358124594,5.172511513002172,4.788938227838559,2.8361791048725706
SUCD3_u6m,0.0,0.0,0.0,0.0,0.0,0.976379561482994
SUCFUMtm,0.0002,0.0002,0.0,0.0002,0.0002,0.0
SBTR,0.0,2.1817259611394983,0.8545225893410587,0.0,0.8192998472244997,0.6699606806286712
SBT_Dt,0.0,0.0,0.0,0.0,0.0,0.0
SULR,0.0,0.0,0.0,0.0,0.0,0.0
PRPPS,0.0,0.002090861083459704,0.0,0.0,0.0,0.0
SERt2m,0.0,0.0,0.0,0.0,0.00825006896209993,0.00825006896209993
SERt2r,2.0,0.16847289568786206,0.3102372992308246,0.24181945236823188,2.0,0.2360325652072137
TAGL_SC,0.0,0.0,0.0,0.0,0.0,0.0
TALA,28.0,28.0,0.0,28.0,28.0,0.0
SHSL1@SHSL4r,0.0,0.0,0.0,0.0,0.0,0.0
THIORDXi,0.0,0.0,0.0,0.0,0.0,0.0
THMP,5.225011808103582e-05,5.1104818755610616e-05,5.3594320251013726e-05,5.41017265258144e-05,5e-05,5.429014764935486e-05
THRt2r,2.0,2.0,2.0,2.0,2.0,2.0
THYMt3r@TMDPP,2.0,1.9975655534210197,2.0,1.9975655534210197,0.0,2.0
TKT1,8.952963336330079,0.28402228770031,0.11919181802441514,0.0,0.0878767551938721,0.08875344467500668
TKT2,0.0,0.2840222877003111,0.11919181802441521,0.0,0.0878767551938721,0.08875344467500709
TMDK1,0.0,0.0024344465789803075,0.0,0.0024344465789803075,0.0024344465789803075,0.0
TMDPK@TMPK,5.225011808103582e-05,5.1104818755610616e-05,5.3594320251013726e-05,5.41017265258144e-05,5e-05,5.429014764935486e-05
THRA,0.0,0.004209737749925186,0.0,0.0,0.009595717019429323,0.0
THRD_L,1.870568590217547,1.8663588524676218,1.870568590217547,1.870568590217547,1.8609728731981177,1.870568590217547
THRD_Lm@THRt2m,0.0,0.0,0.0,0.0,0.0,0.0
URIK1,0.07479160878756277,0.0,0.07479160878756166,0.0,0.0,0.07479160878756166
TPI,7.687555644705497,7.622983994844672,8.411949522088321,7.458901811817184,7.661173364360875,7.9715432502845704
TRDR,0.008114821929918747,0.008114821929934984,0.008114821929917672,0.008114821929932958,0.008114821929934358,0.008114821929917672
TRE6PP@TRE6PS,0.0,0.0,0.0,0.0,0.0,0.0
URIK2,0.0,0.07235716220857694,0.0,0.07479160878757699,0.07235716220858138,0.0
UTPH1,0.0,0.0,0.0,0.0,0.0,0.0
TREH,0.26012940309110033,1.1303240589512864,1.6861771838642545,0.26012940309110033,1.017215610990648,1.5118177896749585
PSERS_SC,0.00825006896209993,0.00825006896209993,0.00825006896209993,0.00825006896209993,0.0,0.0
TREHv@TREt2v,0.179838759190746,0.8538520382853416,0.2979989133723735,0.07606263817817194,0.0,0.21119379595333143
VALTA,0.013072211410087886,0.013823865802295417,0.0,0.009276974334107044,0.006648003858812757,0.0025025988437295194
VALTAim@VALt2m,0.0,0.0,0.0,0.0,0.0,0.0
TREt2,0.4557920650452183,2.0,2.0,0.35201594403264425,1.03303951375402,1.738835488391662
VALt2r,0.19200403496514049,0.19275568935734802,0.1789318235550526,0.18820879788915965,0.18557982741386536,0.18143442239878213
XANt,0.0,0.0,0.0,0.0,0.0,0.0
XPPT,0.0,0.0,0.0,0.0,0.0,0.0
TRIGS_SC,0.004463152061463897,0.004463152061463897,0.004463152061463897,0.004463152061463897,0.0,0.004463152061463897
TRPt2r,0.019205078567511316,2.0,0.13762435931973482,0.019205078567511316,0.019205078567511316,0.13251386246501184
TTDCAtr,0.0,0.0,0.0,0.0,0.0,0.0
TYRTAi,0.0,0.0,0.0,0.0,0.0,0.0
TYRt2r,0.06964623992452734,0.0890883557217799,0.1089898290741447,2.0,2.0,0.10260787498345558
TYRt6@TYRt7,0.0,0.4269260191426708,0.14899945668618675,0.03803131908908597,0.0,0.10559689797666572
ZYMSTt,0.0,0.0,0.0,0.0,0.0,0.0
BIOMASS_SC5_notrace,0.6762351608278632,0.6762351608278632,0.6762351608278632,0.6762351608278632,0.6762351608278632,0.6762351608278632
SERD_L,0.12541638164498728,0.0,0.12151934469507714,0.0,0.0,0.05369656476215534
UMPK,0.034285122653973765,0.03185067607498794,0.034285122653972655,0.034285122653987976,0.03185067607499237,0.034285122653972655
PStm_SC,1.0,7.100469188692563e-05,7.100469188692563e-05,1.0,0.9999885040022659,0.0
UPPRT,0.0,0.0,0.0,0.0,0.0,0.0
URAt2,0.0,0.07235716220857694,0.0,0.0,0.0,0.0
UREA2t2,0.0,0.0,0.0,0.0,0.0,0.0
URIDK2r,16.99594258903503,0.0,16.99594258903503,16.995942589035018,0.0,0.0
PTRCt3i,0.0,0.0,2.605202197391353,0.0,3.2401069657856767,0.0
PTRCtex2,0.0,0.0,2.605202197391353,0.0,3.2401069657856767,0.0
PUNP1,82.0,0.0,0.0,0.0,0.0,0.0
PUNP2,16.0,16.0,0.0,0.0,0.0024344465789803075,0.0
PUNP3,82.0,0.0,0.0,0.0,0.0,82.0
PUNP5,0.0,68.0,1.9664587360229473,0.0,0.0,0.0
PYK,15.344987013144596,15.546893285862444,16.95999412997412,14.888367544922566,15.427134406750206,16.04875382162025
PYNP2r,0.0,0.0,81.92520839121244,0.0,81.92764283779142,81.92520839121244
PYRDC,12.735649489570228,14.31151236998051,13.53389008594657,12.020655541375298,14.438342920484978,15.547850524701188
EX_zymst_e,0.0,0.0,0.0,0.0,0.0,0.0
EX_pyr_e,0.0,0.0,0.0,0.0,0.0,0.0
EX_ptrc_e,0.0,0.0,0.0,0.0,0.0,0.0
EX_pro__L_e,0.0,1.7917896597752745,0.0,1.888624069011651,1.8330858640753538,0.0
EX_xan_e,0.0,0.0,0.0,0.0,0.0,0.0
EX_val__L_e,0.0,1.807244310642652,0.0,0.0,0.0,0.0
EX_urea_e,0.041292609291430526,0.030080485479525368,0.0,0.04268720367049292,0.032318963771981804,0.0029219216862513653
EX_ura_e,0.0,0.0,0.0,0.0,0.0,0.0
EX_tyr__L_e,0.0,1.9109116442782201,0.0,1.9310240135955579,0.0,0.0
EX_ttdca_e,0.0,0.0,0.0,0.0,0.0,0.0
EX_pnto__R_e,0.0,0.0,0.0,0.0,0.0,0.0
EX_pi_e,0.0,0.0,0.0,0.0,0.0,0.0
EX_pheac_e,0.0,0.0,0.0,0.0,0.0,0.0
EX_phe__L_e,1.909452111965149,0.0,1.909452111965149,1.909452111965149,1.8879172071758483,1.9081605505453665
EX_trp__L_e,0.0,1.9807949214324887,0.0,0.0,1.9807949214324887,0.0
EX_tre_e,0.0,0.0,0.0,0.0,0.0,0.0
EX_pap_e,0.0,0.0,0.0,0.0,0.0,0.0
EX_pacald_e,0.0,0.0,0.0,0.0,0.0,0.0
EX_thym_e,0.0,0.0,0.0,1.9975655534210197,0.0,0.0
EX_thr__L_e,0.0,0.0,0.0,0.0,0.0,0.0
EX_orn_e,0.041292609291430526,0.03008048547952537,0.0,0.042687203670492925,0.032318963771981804,0.0029219216862513653
EX_oaa_e,0.0,0.0,0.0,0.0,0.0,0.0
EX_o2_e,0.0,0.0,0.0,0.0,0.0,0.0
EX_nh4_e,46.0,3.762115829010149,5.9439638510524375,5.915123483820617,3.9181786918118267,46.0
EX_nadp_e,0.0,0.0,0.0,0.0,0.0,0.0
EX_succ_e,0.0,0.0,0.00025280142694613755,0.0,0.0,0.0002
EX_spmd_e,0.0,0.0,0.0,0.0,0.0,0.0
EX_so4_e,0.0,0.0,0.0,0.0,0.0,0.0
EX_so3_e,0.0,0.0,0.0,0.0,0.0,0.0
EX_ser__L_e,1.7252092529688827,1.831527104312138,1.6897627007691753,0.0,0.0,0.0
EX_met__L_e,1.9530692798385487,0.0,1.9530692798385485,0.0,0.0,0.0
EX_sbt__D_e,0.0,2.1817259611394983,0.8545225893410587,0.0,0.8192998472244997,0.6699606806286712
EX_mal__L_e,0.0,0.0,0.0,0.0,0.0,0.0
EX_lys__L_e,0.0,0.0,0.8064614969710655,0.8064614969710655,0.8064614969710655,0.0
EX_leu__L_e,0.0,1.7995537797485477,1.7995638983306215,1.7970769600215641,0.0,1.7995638983306215
EX_dttp_e,0.0,0.0,0.0,0.0,0.0,0.0
EX_lanost_e,0.0,0.0,0.0,0.0,0.0,0.0
EX_lac__L_e,0.0,0.0,0.0,0.0,0.0,0.0
EX_lac__D_e,0.00010937893236473428,0.0001,0.0,0.00011436683081456067,0.0,0.0
EX_ind3eth_e,0.0,0.0,0.1184192807522235,0.0,0.0,0.11330878389750054
EX_ile__L_e,0.0,0.0,0.0,1.8875922115769759,1.8696894845084708,0.0
EX_id3acald_e,0.0,0.0,0.0,0.0,0.0,0.0
EX_ibutoh_e,0.013072211410087888,0.013823865802295419,0.20536359747874755,0.009276974334107046,0.006648003858812757,0.20786619632247708
EX_cys__L_e,0.008182445446014874,0.008182445446014826,0.008182445446014826,0.008182445446014874,0.004686309664537091,0.008182445446014826
EX_csn_e,0.0,0.0,0.0,0.0,0.0,0.0
EX_co2_e,23.521631675518048,22.918293530515975,21.558149474203617,23.36997346407533,22.00055847647919,20.44635622954431
EX_cit_e,0.0,0.0,0.0,0.0,0.0,0.0
EX_ibutac_e,0.0,0.0,0.0,0.0,0.0,0.0
EX_iamoh_e,0.002002462208600873,1.0118582073625682e-05,0.0,0.002486938309057315,0.00171609984294549,0.0
EX_iamac_e,0.0,0.0,0.0,0.0,0.0,0.0
EX_hxan_e,1.9664587360229433,0.0,1.9664587360229473,1.966458736022932,0.0,0.0
EX_his__L_e,0.9551656088371127,0.9572564699205723,0.0,0.0,0.9551656088371127,0.9551656088371127
EX_btd_RR_e,6.172876586817807,6.91800739422007,2.991440213302905,5.8127925381942305,6.986233507674266,1.8905663659574974
EX_asp__L_e,3.1115402375466323,3.4165159933988676,3.555549266298265,3.2757462635879238,3.3071394704370505,3.508376012128327
EX_asn__L_e,1.928975824444395,1.9270650052089748,1.930790521104955,0.0,1.9293128008717693,0.0
EX_h_e,77.03086199140114,80.72670862689156,78.66791561509,0.0,0.0,0.0
EX_h2o_e,11.60015258467466,9.848788874568156,11.397405014182354,11.544036949204562,10.940874200816733,13.859380654492357
EX_arg__L_e,1.850036400363532,1.861248524175437,1.8913290096549624,1.8486418059844696,0.0,0.0
EX_gua_e,0.0,0.0,1.9666007454067114,1.9666007454067689,0.0,1.9666007454067653
EX_glyc_e,0.0,0.0,0.0,0.0,0.0,0.0
EX_gly_e,1.8067260093946542,1.8300342774463114,0.0,0.0,0.0,1.8398876444535823
EX_ala__L_e,0.0,0.0,1.9084572159565614,1.9313153123635174,1.9169707160150007,1.9096472681552195
EX_akg_e,0.0,0.0,0.0,0.0,0.0,0.0
EX_ade_e,0.0,0.0,0.0,0.0,0.0,0.0
EX_glx_e,0.0,0.0,0.0,0.0,0.0,0.0
EX_glu__L_e,0.0,0.0,0.0,0.0,0.0,0.0
EX_gln__L_e,0.16081402721709526,0.01650324959929672,0.0,0.0,0.0,0.0
EX_glc__D_e,0.0,0.0,0.0,0.0,0.0,0.0
EX_gam6p_e,0.0,0.0,0.0,0.0,0.0,0.0
EX_aces_e,0.0,0.0,0.0,0.0,0.0,0.0
EX_acald_e,0.0,0.0,10.10306610100523,0.0,0.0,11.325865349665595
EX_ac_e,0.08293505518021227,0.172767050333285,0.1322719737183604,0.08806138334841906,0.16841500510028062,0.1337471359452893
EX_Nbfortyr_e,0.00033512676004264865,0.01005618465866893,0.020006921334851328,0.0,0.0,0.01681594428950677
EX_4abz_e,0.0,0.0,0.0,0.0,0.0,0.0
EX_g3pc_e,0.0,0.0,0.0,0.0,0.0,0.0
EX_fum_e,0.0,0.0,0.0,0.0,0.0,0.0
EX_4abut_e,0.0,0.0,0.0,0.0,0.0,0.0
EX_3mop_e,0.0,0.0,0.0,0.0,0.0,0.0
EX_for_e,0.0034961357813034204,0.003496135781477736,0.003496135781477736,0.0034961357813034204,0.0,0.0034961357813034204
EX_3mbald_e,0.0,0.0,0.0,0.0,0.0,0.0
EX_3c3hmp_e,0.0,0.0,0.0,0.0,0.0,0.0
EX_2phetoh_e,0.0,0.021807147385225198,0.0,0.0,0.02153490478930091,0.0012915614197826118
EX_2mppal_e,0.0,0.0,0.0,0.0,0.0,0.0
EX_2mbtoh_e,1.2218773550159072,0.0,0.0,1.476945306271831,0.0,0.0
EX_2mbald_e,0.0,0.0,0.0,0.0,0.0,0.0
EX_2mbac_e,0.0,0.0,0.0,0.0,0.0,0.0
EX_fecost_e,0.0,0.0,0.0,0.0,0.0,0.0
EX_etoh_e,0.00022099182401928572,0.0002,0.0003715289630742759,0.0002688127080440971,0.0003163480985606866,0.00036503824493239206
EX_2hb_e,0.62414403079048,1.8790044499751004,1.8832141877250257,0.3883661543846897,1.8701223349241187,1.8832141877250257
EX_ergst_e,0.0,0.0,0.0,0.0,0.0,0.0
EX_epist_e,0.0,0.0,0.0,0.0,0.0,0.0
2HBO@2HBt2_rev,0.62414403079048,1.8790044499751004,1.8832141877250257,0.3883661543846897,1.8701223349241187,1.8832141877250257
ACALDt_rev,0.0,0.0,10.10306610100523,0.0,0.0,11.325865349665595
ACALDtm_rev,0.0,0.0002,0.0,0.0,0.0003163480985606866,0.0
2OBUTtm_rev,50.74092984306545,0.0,0.0,50.50515196665967,0.0,0.0
2PHETOHt_rev,0.0,0.021807147385225198,0.0,0.0,0.02153490478930091,0.0012915614197826118
AICART@IMPC_rev,0.0,0.002090861083459704,0.0,0.0,0.0,0.0
AKGMAL_rev,38.0,1.0,38.0,38.0,1.0,1.0
AKGt2r_rev,0.0,1.0,0.0,0.0,1.0,1.0
ALATA_L_rev,0.00187956145330348,0.0,0.19013740469688448,0.0,0.0,0.13195681088177713
ALAt2r_rev,0.0,1.9126368451524967,1.9084572159565614,0.0,1.9169707160150007,0.0
ACt2r_rev,0.0,1.219681223753147,0.0,0.0,0.0,4.261215097770634
ACtm_rev,0.0,0.0,0.0,0.0,0.0,0.0
ACtr_rev,0.08293505518021227,0.0,0.1322719737183604,0.08806138334841906,0.16841500510028062,0.0
ADK1_rev,0.0,0.0,0.0,0.0,0.0,0.0
ADK1m_rev,46.0,0.0,46.0,46.0,46.0,46.0
ADK3_rev,0.5469998591995248,0.0,0.5486228236329875,0.6217914679871017,0.0,0.5486228235855121
ALCD2x_copy2_rev,0.0,0.0,0.0,0.0,0.0,0.0
BTDD_RR@BTDt_RR_rev,6.172876586817807,6.91800739422007,2.991440213302905,5.8127925381942305,6.986233507674266,1.8905663659574974
ARGt2r_rev,0.0,0.0,1.8913290096549624,0.0,0.0,0.0
ASAD_rev,0.0,0.0,0.0,0.0,0.0,0.0
ASNt2r_rev,0.0,1.9270650052089748,0.0,0.0,1.9293128008717693,0.0
ASPTA_rev,0.0,0.0,0.0,0.0,0.0,0.0
ASPTAm_rev,3.5093268333093173,3.8638923494407695,3.806307327903821,3.6658995670187036,3.6812943511006706,3.7095559724746163
3MOBtm_rev,0.0,0.0,0.20536359747874755,0.0,0.0,0.20536359747874755
ASPt2m_rev,3.5093268333093173,3.8638923494407695,3.806307327903821,3.6658995670187036,3.6812943511006706,3.7095559724746163
ASPt2n@ASPt5n@CO2tn@H2Otn@HCO3En@HCO3tn_rev,0.26887109992663116,0.2688710999499626,0.26887109994996417,0.0,0.26887109994995995,0.0
ASPt2r_rev,3.1115402375466323,62.41651599339887,3.555549266298265,3.2757462635879238,62.30713947043705,3.508376012128327
3MOPt_rev,0.0,0.0,0.0,0.0,0.0,0.0
3MOPtm_rev,1.2218773550159072,0.0,0.0,1.476945306271831,0.0,0.0
CITtcm_rev,0.0,0.0,41.0,0.0,0.0,1.678098918134744e-06
CO2t_rev,23.521631675518048,22.918293530515975,21.558149474203617,23.36997346407533,22.00055847647919,20.44635622954431
CO2tm_rev,9.323114529235085,7.258372170823883,4.196282785628452,9.643961431731558,6.967954569580045,4.154806017371613
CITt2r_rev,0.0,0.0,0.0,0.0,0.0,0.0
CITtam_rev,0.21205280728119213,0.30363732195068427,29.000205245214595,0.20073725572765505,0.14595890053458263,29.0002
DGK1_rev,16.0,0.0016229643859868715,16.0,16.0,0.0016229643859868715,16.0
CYSt2r_rev,2.008182445446015,0.008182445446014826,0.008182445446014826,2.008182445446015,0.004686309664537091,0.008182445446014826
CYTK1_rev,0.018293596374547125,0.01828785576913941,0.018293596374547125,0.018292234186644343,0.018288026169225508,0.018293596374547125
CYTK2_rev,0.0,0.0,0.0,0.0,0.0,0.0
DADK_rev,0.0024344465789631897,0.0048688931579612404,0.0024344465789631897,0.0024344465789631897,0.004868893157960615,0.0024344465789631897
DASYN_SC_rev,0.0,32.98816588468554,0.0,0.0,0.0,0.0
DCMPDA_rev,16.001622964385987,0.0016229643859868715,0.0016229643859868715,16.001622964385987,0.0016229643859868715,0.0016229643859868715
4HGLSDm@PHCDm@PHCHGSm_rev,0.0,0.0,0.0,0.0,0.0,0.0
ENO@PGM_rev,0.0,0.0,0.0,0.0,0.0,0.0
DTMPK@DTTPt@NDPK4_rev,0.0,0.0,0.0,0.0,0.0,0.0
DURIPP_rev,2.0,2.0,2.0,1.9975655534210026,0.0,2.0
EPISTt_rev,0.0,0.0,0.0,0.0,0.0,0.0
D_LACt2_rev,0.00010937893236473428,0.0001,0.0,0.00011436683081456067,0.0,0.0
D_LACt2m_rev,37.732974343766045,194.0,194.0,37.963362601774975,194.0,194.0
D_LACtm_rev,229.0,0.0,0.0,229.0,0.0,0.0
ERGSTt_rev,0.0,0.0,0.0,0.0,0.0,0.0
ETOHt_rev,0.00022099182401928572,0.0002,0.0003715289630742759,0.0002688127080440971,0.0003163480985606866,0.00036503824493239206
ABUTt2r_rev,0.0,0.0,0.0,0.0,0.0,0.0
FACOAL140_rev,5.031016718583075,5.006399692113249,4.999964,4.999963509612355,0.0063997534572803995,4.999964
FACOAL160_rev,1.0,1.0,1.0,1.0,1.0,1.0
G6PI_rev,0.0,0.0,0.0,0.0,0.0,0.0
G6PI3_rev,0.0,0.0,0.0,0.0,0.0,0.0
GALT@UGLT_rev,0.0,0.0,1.770354660551463,0.0,0.0,1.3999359296396445
GLUt2r_rev,0.0,0.0,0.0,0.0,0.0,0.0
GAM6Pt_rev,0.0,0.0,0.0,0.0,0.0,0.0
GAPD@PGK_rev,0.0,0.0,0.0,0.0,0.0,0.0
GLYt2m@GHMT2rm_rev,0.0,0.0,0.0,0.0,0.0,0.0
GLYt2r_rev,0.0,1.8300342774463114,0.0,0.0,0.0,0.0
FBA_rev,0.0,0.0,0.0,0.0,0.0,0.0
GHMT2r_rev,0.0,0.0,0.0,0.0,0.0,0.0
GK1_rev,16.0,0.0,16.0,16.0,0.0,16.0
GK2_rev,1.0,0.0,1.0,1.0,0.0,1.0
GLCtv_rev,0.359677518381492,1.7077040765706832,0.595997826744747,0.15212527635634387,0.0,0.42238759190666286
GLNt2r_rev,0.0,0.01650324959929672,0.0,0.0,0.0,0.0
GUAt2r_rev,1.9666007454067653,1.966600745406712,1.9666007454067114,1.9666007454067689,1.9666007454067118,1.9666007454067653
H2Ot_rev,11.60015258467466,9.848788874568156,11.397405014182354,11.544036949204562,10.940874200816733,13.859380654492357
GLUDy_rev,0.0,0.0,0.0,0.0,0.0,0.0
H2Otm_rev,45.20263588222199,154.0,45.73049536581776,45.344410840376334,154.0,154.0
FE2utm@FEtm_rev,0.0,0.0,0.0,0.0,0.0,0.0
FECOSTt_rev,0.0,0.0,0.0,0.0,0.0,0.0
HISt2r_rev,0.9551656088371127,0.0,0.0,0.0,0.9551656088371127,0.0
HSDy_rev,0.0,0.0,0.0,0.0,0.0,0.0
HXANt2r_rev,1.9664587360229433,0.0,1.9664587360229473,1.966458736022932,0.0,0.0
LANOSTt_rev,0.0,0.0,0.0,0.0,0.0,0.0
LEUTA_rev,0.0,0.0,0.0,0.0,0.0,0.0
ILETA_rev,0.0,0.0,0.0,0.0,0.0,0.0
ILEt2r_rev,1.9068822864271093,0.0,0.0,1.8875922115769759,1.8696894845084708,0.0
LEUt2r_rev,0.0,0.0,0.0,0.0,0.0,0.0
FORt_rev,0.0034961357813034204,0.003496135781477736,0.003496135781477736,0.0034961357813034204,0.0,0.0034961357813034204
LYSt2r_rev,0.8064614969710655,0.8064614969710655,0.0,0.8064614969710655,0.0,0.0
MALt2r_rev,1.0,0.0,1.0,1.0,0.0,0.0
MALtm_rev,992.9194593505778,0.05327904732024272,988.2574631914157,0.0,0.06951739991046313,0.0
L_LACt2r_rev,0.0,0.0,0.0,0.0,0.0,0.0
MDH_rev,7.2925934567034005,0.24826741354698198,11.742994855225819,7.18003538983767,0.0,11.889991170707761
MDHm_rev,0.0,244.0,0.0,0.0,244.0,0.0
MTHFC_rev,20.0,0.0,0.0,20.0,0.003496135781477736,0.0
MTHFD_rev,30.999329746479916,0.0,0.0,31.0,0.003496135781477736,0.0
METt2r_rev,1.9530692798385487,1.9530692798385487,0.0,1.9530692798385487,1.9565654156200263,0.0
FUM_rev,0.0,101.99790913891654,0.00025280142694613755,0.0,0.0,0.0
NDPK1_rev,0.0,0.0,0.0,0.0,0.0,0.0
NDPK3_rev,0.009367292251633233,0.009361551646225518,0.009367292251633233,0.009365930063730451,0.018288026169225508,0.009367292251633233
NDPK5_rev,0.0,0.0016229643859868715,0.0016229643859873022,0.0,0.0016229643859868715,0.0016229643859873022
NDPK6_rev,0.0,0.0016229643859868715,0.004057410964967179,0.0,0.0016229643859868715,0.004057410964967179
FUMt2r_rev,0.0,0.0,0.0,0.0,0.0,0.0
NDPK7_rev,0.0,0.0,0.0,0.0,0.0,0.0
NDPK8_rev,0.0,0.0048688931579612404,0.0,0.0,0.004868893157960615,0.0
NH4t_rev,0.0,46.0,46.0,0.0,3.9181786918118267,46.0
NH4tm_rev,0.0,0.0,0.0,0.0,0.0,0.0
G3PCt_rev,0.0,0.0,0.0,0.0,0.0,0.0
OAAt2m_rev,424.0937357615876,0.0,11.692980390927701,423.99106204675314,0.0,11.889991170707761
PPM_rev,82.14173212735784,82.14173212735793,82.1417321273579,82.14173212735787,82.14173212735793,82.14173212735786
PGI_rev,0.0,0.0,0.0,0.0,0.0,0.0
PGMT_rev,1.1180195913967061,1.808388216604158,1.770354660551463,1.118019591396706,1.1180195913967061,1.1180195913967061
ORNt2r_rev,0.041292609291430526,0.03008048547952537,0.0,0.042687203670492925,0.032318963771981804,0.0029219216862513653
PHETA1_rev,0.0,0.0,0.0,0.0,0.0,0.0
PHEt2r_rev,1.909452111965149,0.0,0.0,0.0,0.0,0.0
PIt2m_rev,200.0,200.0,200.0,200.0,0.0,200.0
PAPt_rev,0.0,0.0,0.0,0.0,0.0,0.0
PYRt2m_rev,0.0,229.0,229.0,0.0,193.01080059937297,229.0
SLFAT_rev,0.0,76.0,0.0,0.0,76.0,0.0
RPE_rev,18.0,0.0,0.0,18.0,0.0,0.0
PROt2r_rev,0.0,0.0,0.0,0.0,1.8330858640753538,0.0
RPI_rev,0.09469546368791981,0.4278452761416912,0.2609239453823012,0.09537786219755517,0.22960888255179382,0.23048557203286
SUCCt2r_rev,0.0,0.0,0.00025280142694613755,0.0,0.0,0.0002
SUCD1m_rev,0.0,0.0,0.0,0.0,0.0,0.0
SUCD2_u6m_rev,0.0,0.0,0.0,0.0,0.0,0.0
SUCD3_u6m_rev,0.0,0.0002,0.00025280142694613755,0.0,0.0,0.0
SBT_Dt_rev,0.0,2.1817259611394983,0.8545225893410587,0.0,0.8192998472244997,0.6699606806286712
SERt2m_rev,0.0,0.0,0.0,0.0,0.0,0.0
SERt2r_rev,1.7252092529688827,0.0,0.0,0.0,1.8572264704944133,0.0
TALA_rev,35.75140469577894,35.35576471561715,8.309556150966303,35.52207426342599,35.59010631865478,7.89959719457903
THRt2r_rev,0.0,0.0,0.0,0.0,0.0,0.0
THYMt3r@TMDPP_rev,2.0,2.0,2.0,2.0,0.0024344465789803075,2.0
TKT1_rev,9.0,0.0,0.0,0.04635426516030389,0.0,0.0
TKT2_rev,0.04703666366992554,0.0,0.0,0.0463542651603035,0.0,0.0
TPI_rev,0.0,0.0,0.0,0.0,0.0,0.0
PSERS_SC_rev,0.0,0.0,0.0,0.0,0.0,0.0
VALTA_rev,0.0,0.0,0.0,0.0,0.0,0.0
VALt2r_rev,0.0,0.0,0.0,0.0,0.0,0.0
XANt_rev,0.0,0.0,0.0,0.0,0.0,0.0
TRPt2r_rev,0.0,1.9807949214324887,0.0,0.0,0.0,0.0
TTDCAtr_rev,0.0,0.0,0.0,0.0,0.0,0.0
TYRt2r_rev,0.0,0.0,0.0,1.9310240135955579,1.9310240135955579,0.0
ZYMSTt_rev,0.0,0.0,0.0,0.0,0.0,0.0
PStm_SC_rev,0.9999289953081131,0.0,0.0,0.9999289953081131,1.0,1.1495997734073675e-05
UREA2t2_rev,0.041292609291430526,0.030080485479525368,0.0,0.04268720367049292,0.032318963771981804,0.0029219216862513653
URIDK2r_rev,17.0,0.0016229643859868715,17.0,17.0,0.0016229643859868715,0.004057410964967179
PUNP1_rev,82.03354126397704,0.03597571055605221,2.0,0.033541263977051,0.03597571055605221,0.03354126397705705
PUNP2_rev,17.96645873602296,15.997565553421019,0.0,0.0,0.0,0.0
PUNP3_rev,82.03339925459323,0.033399254593288144,0.03339925459328863,0.03339925459323112,0.033399254593288144,82.03339925459323
PUNP5_rev,0.0,68.0,0.0,0.0,0.0,0.0
PYNP2r_rev,0.07479160878756277,0.07235716220857694,82.0,0.07479160878757699,82.0,82.0
EX_pro__L_e_rev,0.11721193747986931,2.0,0.2433263790753193,2.0,2.0,0.21393683458614804
EX_val__L_e_rev,0.19200403496514049,2.0,0.1789318235550526,0.18820879788915965,0.18557982741386536,0.18143442239878213
EX_ura_e_rev,0.0,0.07235716220857694,0.0,0.0,0.0,0.0
EX_tyr__L_e_rev,0.06964623992452734,2.0,0.1089898290741447,2.0,0.06897598640444214,0.10260787498345558
EX_pi_e_rev,0.13369169129412928,0.13369169129629288,0.1336916912963222,0.133691691294195,0.1336916912963333,0.13369169129422254
EX_phe__L_e_rev,2.0,0.11235503542007608,2.0,2.0,2.0,2.0
EX_trp__L_e_rev,0.019205078567511316,2.0,0.13762435931973482,0.019205078567511316,2.0,0.13251386246501184
EX_tre_e_rev,0.4557920650452183,2.0,2.0,0.35201594403264425,1.03303951375402,1.738835488391662
EX_thym_e_rev,0.0,0.002434446578980287,0.0,2.0,0.0024344465789803075,0.0
EX_thr__L_e_rev,2.0,2.0,2.0,2.0,2.0,2.0
EX_o2_e_rev,12.0,12.0,11.736987935558973,12.0,11.527355111636632,11.736987935557035
EX_nh4_e_rev,40.21113844255426,0.0,0.0,0.0,0.0,42.09075402794234
EX_so4_e_rev,0.013524703216557264,0.013524703216560852,0.013524703216557264,0.013524703216557264,0.013524703216560852,0.013524703216557264
EX_ser__L_e_rev,2.0,2.0,2.0,0.24181945236823188,0.14277352950558675,0.2360325652072137
EX_met__L_e_rev,2.0,0.04693072016145128,2.0,0.04693072016145128,0.04343458437997365,0.04693072016145139
EX_lys__L_e_rev,0.19353850302893444,0.19353850302893444,1.0,1.0,1.0,0.19353850302893444
EX_leu__L_e_rev,0.2024385638779795,2.0,2.0,2.0,0.20215220151232413,2.0
EX_ile__L_e_rev,0.09311771357289067,0.13031051549152925,0.13031051549152925,2.0,2.0,0.13031051549152928
EX_cys__L_e_rev,0.0,0.0,0.0,0.0,0.0,0.0
EX_csn_e_rev,0.07479160878756277,0.0,0.07479160878756166,0.0723571622085796,0.07235716220858138,0.07479160878756166
EX_his__L_e_rev,1.0,1.0,0.04483439116288733,0.04483439116288733,1.0,1.0
EX_asp__L_e_rev,0.0,0.0,0.0,0.0,0.0,0.0
EX_asn__L_e_rev,2.0,2.0,2.0,0.06877311585619368,2.0,0.06877311585619368
EX_h_e_rev,81.0,81.0,81.0,4.162510722792082,0.5756734242540551,0.33491119695107496
EX_h2o_e_rev,0.0,0.0,0.0,0.0,0.0,0.0
EX_arg__L_e_rev,2.0,2.0,2.0,2.0,0.14098995411701942,0.11159291203128899
EX_gua_e_rev,0.03339925459323467,0.033399254593287964,2.0,2.0,0.033399254593288186,2.0
EX_gly_e_rev,2.0,2.0,0.1539304014557285,0.19637869070441147,0.18658297368498214,2.0
EX_ala__L_e_rev,0.07318493649596436,0.08736315484750334,2.0,2.0,2.0,2.0
EX_ade_e_rev,2.0,0.033541263977071925,2.0,2.0,0.033541263977071904,0.033541263977074166
EX_glu__L_e_rev,2.0,2.0,2.0,2.0,2.0,1.985359042147954
EX_gln__L_e_rev,2.0,2.0,2.0,2.0,2.0,2.0
EX_glc__D_e_rev,8.588500140991025,7.950379015931009,7.245220099917115,8.56808674768248,8.36183476479609,7.112153177823404
R_TM_ac_c_sink,0.3482077965204885,0.3931237941236422,0.37287625581618167,0.3507709606045855,0.39094777150713694,0.37361383690302186
R_TM_ala__L_c_sink,0.27366422353984143,0.2665751143640719,0.26448529976610435,0.27591434796958225,0.26894204979532393,0.26528032586543326
R_TM_arg__L_c_sink,0.07498179981823408,0.0693757379122815,0.05433549517251881,0.07567909700776526,0.07049497705850971,0.055796456015644494
R_TM_asn__L_c_sink,0.03551208777780245,0.03646749739551258,0.034604739447522466,0.03438655792809684,0.03534359956411531,0.03438655792809684
R_TM_asp__L_c_sink,0.20114435758075372,0.22785005695578123,0.12581539384162935,0.19507665171539,0.18899152360384489,0.10058998017314465
R_TM_glc__D_c_sink,4.994347635868459,7.7800582893608725,7.945298400214197,4.880364818201612,6.21534860437934,6.790905964214951
R_TM_cit_c_sink,0.00010535796387050349,0.00010989701811133738,0.00010262260729813953,0.00010272367052841746,0.0001,0.00010083904945906738
R_TM_etoh_c_sink,0.00011049591200964286,0.0001,0.00018576448153713796,0.00013440635402204852,0.0001581740492803433,0.00018251912246619603
R_TM_fdp_c_sink,0.0001,0.0001,0.00010482087066746075,0.0001,0.00010121334680123186,0.00010648740663496313
R_TM_glu__L_c_sink,1.093905244278648,1.20997332896899,1.3034691334762454,1.1667749206571238,1.1438648865937995,1.301470436295381
R_TM_gln__L_c_sink,0.9195929863914524,0.9917483752003518,1.0468228133787674,1.0,1.0045791435332119,1.1031073326203074
R_TM_gthrd_c_sink,0.00010937893237208307,0.0001,0.0001,0.00011436683081901058,0.0001,0.0001
R_TM_glyc_c_sink,0.00010919254932992877,0.0001,0.0001,0.00010551620452978685,0.0001065016065329116,0.0001
R_TM_gly_c_sink,0.09974169540173854,0.11139582942756711,0.11941348997654722,0.09818934535220573,0.10308720386192038,0.11632251293120266
R_TM_g3pc_c_sink,0.0001,0.0001057406054077121,0.0001,0.0001013621879027811,0.00010557020532161679,0.0001
R_TM_his__L_c_sink,0.022417195581443665,0.023462626123173517,0.022417195581443665,0.022417195581443665,0.022417195581443665,0.022417195581443665
R_TM_ile__L_c_sink,0.08375165870508387,0.08697489546333233,0.0870641626069021,0.07410662128001716,0.08236764682404404,0.08000912446652907
R_TM_lac__L_c_sink,0.0001,0.0001,0.00010025930027908512,0.00010081114654497732,0.00010791436179580611,0.0001108679049587582
R_TM_leu__L_c_sink,0.10121928193898976,0.10022311012572613,0.10021805083468932,0.10146151998921799,0.10107610075616207,0.10021805083468932
R_TM_lys__L_c_sink,0.09676925151446722,0.09676925151446722,0.09676925151446722,0.09676925151446722,0.09676925151446722,0.09676925151446722
R_TM_nad_c_sink,15.035990432456995,14.614648217749446,16.021462730119524,14.697260713584447,14.495156588357581,15.110233030370333
R_TM_phe__L_c_sink,0.04527394401742544,0.05617751771003804,0.04527394401742544,0.04527394401742544,0.056041396412075895,0.045919724727316744
R_TM_pro__L_c_sink,0.05860596873993466,0.10410517011236271,0.12166318953765964,0.055687965494174534,0.08345706796232312,0.10696841729307402
R_TM_ser__L_c_sink,0.1373953735155587,0.08423644784393104,0.1551186496154123,0.12090972618411593,0.06726173027174341,0.11389124812255688
R_TM_succ_c_sink,0.0001,0.0001,0.00012640071347306877,0.0001,0.0001,0.0001
R_TM_thm_c_sink,0.00010450023616207163,0.00010220963751122123,0.00010718864050202745,0.00010820345305162881,0.0001,0.00010858029529870971
R_TM_tre_c_sink,0.13797665292723615,0.5730739808573292,0.8510005433138133,0.13797665292723615,0.51651975687701,0.7638208462191652
R_TM_udpg_c_sink,2.3335656226998314,1.808388216604158,1.770354660551463,2.0090338273181008,1.1180195913967061,1.3999359296396447
R_TM_val__L_c_sink,0.09600201748257024,0.09637784467867401,0.0894659117775263,0.09410439894457982,0.09278991370693268,0.09071721119939107
