"Reaction","WT_mean","mip6_mean","log2FC","p_value","FDR"
"13BGH",0,0,0,NA,1
"13GS",0.767391660507459,0.767391660507459,-8.0085662595373e-16,3.15680028454754e-09,4.66988731748585e-09
"2DDA7Ptm",0,0,0,NA,1
"2DHPtm",0,0,0,NA,1
"2HBO",1.87012233492419,1.87900444997519,0.00683583202713286,3.03792257329155e-22,7.08298252142433e-22
"2HBt2",0,0,0,NA,1
"2HBt2_rev",1.87012233492419,1.87900444997519,0.00683583202713286,3.03792257329155e-22,7.08298252142433e-22
"2MBACt",0,0,0,NA,1
"2MBALDt",0,0,0,NA,1
"2MBALDtm",0,0,0,NA,1
"2MBTOHt",0,0,0,NA,1
"2MBTOHtm",0,0,0,NA,1
"2MPPALt",0,0,0,NA,1
"2MPPALtm",0.00664800385881275,0.00512998247504507,-0.37390311697065,0.00689363238466284,0.00893464741093764
"2OBUTtm",0,0,0,NA,1
"2OBUTtm_rev",0,0,0,NA,1
"2OXOADPtim",0,0,0,NA,1
"2PHETOHt",0,0,0,NA,1
"2PHETOHt_rev",0.0215349047892992,0.0218071473852252,0.0181232805141926,1.20310417258998e-25,6.70300896157277e-25
"2PHETOHtm",0.0215349047892992,0.00914493277444927,-1.23554171686558,0.109257549995756,0.132032363234308
"34HPPt2m",0,0,0,NA,1
"3C3HMPt",0,0,0,NA,1
"3C3HMPtm",0,0,0,NA,1
"3HAO",0,0,0,NA,1
"3MBALDt",0,0,0,NA,1
"3MBALDtm",0.00171609984294549,5.71210278349837e-06,-7.99899340560607,1.00942474543271e-24,3.09316582707594e-24
"3MOBDC",0.00664800385881275,0.0138238658022954,1.05605535624271,1.44019401345064e-28,1.21145731719672e-27
"3MOBtm",0,0,0,NA,1
"3MOBtm_rev",0,0,0,NA,1
"3MOPDC",0,0,0,NA,1
"3MOPt",0,0,0,NA,1
"3MOPt_rev",0,0,0,NA,1
"3MOPtm",0.0172123890782853,0.0218196377175739,0.342162093615738,3.17670622903671e-22,7.16015359150171e-22
"3MOPtm_rev",0,0,0,NA,1
"4ABZt",0,0,0,NA,1
"4HGLSDm",0,0,0,NA,1
"4MOPDC",0.00171609984294549,1.01185820736257e-05,-7.27085730256584,1.92933197761105e-27,1.25406578544718e-26
"6PGLter",0.00196108196639616,0.00196108196639621,3.45970062412007e-14,2.64633620788904e-25,1.18258149290041e-24
"AABTN",0,0,0,NA,1
"AASAD1",0,0,0,NA,1
"AASAD2",0,0,0,NA,1
"AATA",0,0,0,NA,1
"ABTA",0,0,0,NA,1
"ABUTt2r",0,0,0,NA,1
"ABUTt2r_rev",0,0,0,NA,1
"ACACT1m",0.00892630412291389,0.00892630412288837,-4.12377093836684e-12,0.325178960006528,0.356782030288492
"ACACT1r",0,0,0,NA,1
"ACALDCD",6.31014461981144,6.36010179788768,0.0113767850768052,5.23380974232582e-15,8.25479551271241e-15
"ACALDt",0,0,0,NA,1
"ACALDt_rev",0,0,0,NA,1
"ACALDtm",0,0,0,NA,1
"ACALDtm_rev",0.00031634809856068,0.000193548387096774,-0.705937178821759,3.7325535168822e-28,2.76149854205287e-27
"ACCOAC",0.268871099941305,0.26887109994281,8.07359581754215e-12,0.618666579199285,0.636469933996387
"ACESt",0,0,0,NA,1
"ACGKm",0,0,0,NA,1
"ACHBSm",0,0,0,NA,1
"ACHLE1",0,0,0,NA,1
"ACHLE2",0,0,0,NA,1
"ACHLE3",0,0,0,NA,1
"ACLSm",0,0,0,NA,1
"ACOAHim",0,0,0,NA,1
"ACONT",0.00019999999999242,0.00021979403622267,0.13550570324737,1.44019401345064e-28,1.21145731719672e-27
"ACONT3m",0,0,0,NA,1
"ACONTm",1.00856298038963,1.17702279987708,0.222840885258044,7.79026912533583e-22,1.26759057128887e-21
"ACOTAim",0,0,0,NA,1
"ACPSm",0,0,0,NA,1
"ACRNtm",0,0,0,NA,1
"ACS",0.306740268947123,0.306740268948839,8.07455684549329e-12,0.70940944869449,0.71777512615551
"ACSm",0,0,0,NA,1
"ACt2r",0,0,0,NA,1
"ACt2r_rev",0,1.27194101352259,20.2786014705201,1.00923169331926e-24,3.09316582707594e-24
"ACtm",0,0,0,NA,1
"ACtm_rev",0,0,0,NA,1
"ACtr",0,1.09917396317207,20.0679896174949,1.00923169331926e-24,3.09316582707594e-24
"ACtr_rev",0.168415005120935,0,-17.36166972336,1.00845984019432e-24,3.09316582707594e-24
"ADA",0.0341149731618897,0,-15.0581597494701,5.92043062924448e-25,2.18953856891886e-24
"ADCL",0,0,0,NA,1
"ADCS",0,0,0,NA,1
"ADD",0.0145045607080787,0,-13.8243184431053,3.31789768740969e-08,4.7764366036871e-08
"ADEt2",0.0335412639770586,0.0335412639770689,4.43674570778298e-13,1.12371974431589e-08,1.64530979628504e-08
"ADHAPR_SC",0,0,0,NA,1
"ADK1",0.225067479047823,0.323397469943225,0.522948832393032,7.99065317331431e-21,1.29358121183088e-20
"ADK1_rev",0,0,0,NA,1
"ADK1m",2.18319985745644e-14,0,-3.14969155726813e-08,0.325178960006528,0.356782030288492
"ADK1m_rev",0,0,0,NA,1
"ADK3",0.0994484209746264,0.00530159786761226,-4.22919172299185,1.89631568159527e-05,2.64990041499795e-05
"ADK3_rev",0,0,0,NA,1
"ADK3m",0,0,0,NA,1
"ADK4",0,0,0,NA,1
"ADMDC",0,0,0,NA,1
"ADNCYC",0,0,0,NA,1
"ADNK1",0,0.0486213080634424,15.5693307581619,1.0086527501888e-24,3.09316582707594e-24
"ADNUC",0,0,0,NA,1
"ADPT",0,0,0,NA,1
"ADSK",0,0,0,NA,1
"ADSL1r",0.0762415006241177,0.00209086108345972,-5.18773648473511,5.39134141699077e-23,1.41029601700551e-22
"ADSL2r",0,0,0,NA,1
"ADSS",0.0762415006241177,0.00209086108345972,-5.18773648473511,5.39134141699077e-23,1.41029601700551e-22
"AGAT_SC",0.0168085786774876,0.0168087490776887,1.46246544227091e-05,7.28995421988585e-22,1.26759057128887e-21
"AGPRim",0,0,0,NA,1
"AGTi",0.00020000000000001,0,-7.651051691179,5.48565423223989e-27,3.41064589221872e-26
"AHCi",0.012645597507479,0.0126455975074787,-3.1073237087005e-14,0.00112649415924722,0.00152449840478567
"AHSERL2",0,0,0,NA,1
"AICART",0,0.0020908610834597,11.0305713327774,1.44019401345064e-28,1.21145731719672e-27
"AIRCr",0,0,0,NA,1
"AKGDam",4.78873822783678,4.98221079606126,0.0571404771544035,7.73675236725961e-22,1.26759057128887e-21
"AKGDbm",4.78873822783678,4.98221079606126,0.0571404771544035,7.73675236725961e-22,1.26759057128887e-21
"AKGMAL",0,0,0,NA,1
"AKGMAL_rev",-3.98784947716165e-15,0,5.75325083904662e-09,0.325178960006528,0.356782030288492
"AKGt2r",-4.47536273273294e-15,-9.27215293791784e-15,-6.92030543196855e-09,0.554226722499505,0.574307400850937
"AKGt2r_rev",1.35979936987859e-14,-3.3485758968533e-16,-2.01008553203439e-08,0.189414253810773,0.216113603417079
"ALATA_L",0,0,0,NA,1
"ALATA_L_rev",0,0,0,NA,1
"ALATA_Lm",0.2274274076528,0.222893536791616,-0.0290512136320422,7.80055736177764e-22,1.26759057128887e-21
"ALAt2r",0.0830292841350233,0.0873631549962071,0.0734038364687773,7.80055736177764e-22,1.26759057128887e-21
"ALAt2r_rev",0,0,0,NA,1
"ALAtmi",0.2274274076528,0.222893536791616,-0.0290512136320422,7.80055736177764e-22,1.26759057128887e-21
"ALCD22xi",0,0,0,NA,1
"ALCD22xim",0,0,0,NA,1
"ALCD22yi",0,0,0,NA,1
"ALCD23xi",0,0.00869388332725034,13.0859509534445,6.59274361439487e-14,1.02474167049833e-13
"ALCD23xim",0.00664800385881275,0.00512998247504507,-0.37390311697065,0.00689363238466284,0.00893464741093764
"ALCD23yi",0,0,0,NA,1
"ALCD24xi",0,4.40647929012731e-06,2.43468941398862,4.98256150402345e-09,7.34542572242632e-09
"ALCD24xim",0.00171609984294549,5.71210278349837e-06,-7.99899340560607,1.00942474543271e-24,3.09316582707594e-24
"ALCD24yi",0,0,0,NA,1
"ALCD25xi",0,0.0126622146107759,13.628356065068,1.33770459308541e-12,2.05690061087327e-12
"ALCD25xim",0.0215349047892992,0.00914493277444927,-1.23554171686558,0.109257549995756,0.132032363234308
"ALCD25yi",0,0,0,NA,1
"ALCD26xi",0,0,0,NA,1
"ALCD26xim",0,0,0,NA,1
"ALCD2ir",0,6.45161290322581e-06,2.89755273102918,0.15896942728668,0.182851993326112
"ALCD2irm",0.00031634809856068,0.000193548387096774,-0.705937178821759,3.7325535168822e-28,2.76149854205287e-27
"ALCD2x_copy1",0,0,0,NA,1
"ALCD2x_copy2",0,0,0,NA,1
"ALCD2x_copy2_rev",0,0,0,NA,1
"ALDD22x",0,0,0,NA,1
"ALDD2xm",0,0,0,NA,1
"ALDD2y",0.475155274068058,0.479507319299357,0.0131537664879041,7.79484007016099e-22,1.26759057128887e-21
"ALDD2ym",0,0,0,NA,1
"ALPHNH",0,0,0,NA,1
"AMPDA",0.0276201925606002,0,-14.7534879896639,7.7363778048338e-25,2.78899670443168e-24
"AMPN",0,0,0,NA,1
"ANPRT",0,0,0,NA,1
"ANS",0,0,0,NA,1
"AP4AH",0,0,0,NA,1
"APRTO2",0,0,0,NA,1
"ARGN",0.0323189637719818,0.0300804854795254,-0.103549769217662,2.34560292021189e-28,1.863451208835e-27
"ARGSL",0,0,0,NA,1
"ARGSS",0,0,0,NA,1
"ARGt2r",0.140989954117019,0.138751475824563,-0.0230890889014132,2.76663680870452e-27,1.74542233960917e-26
"ARGt2r_rev",0,0,0,NA,1
"ASAD",0,0,0,NA,1
"ASAD_rev",0,0,0,NA,1
"ASNN",0.00191408327203584,0.00416187893483034,1.12017447744865,2.85770706661097e-23,7.75921728845638e-23
"ASNNe",0,0,0,NA,1
"ASNS1",0,0,0,NA,1
"ASNt2r",0.0706871991282296,0.072934994791024,0.0451615897841984,1.14812394150999e-22,2.81454383375879e-22
"ASNt2r_rev",0,0,0,NA,1
"ASNt6",0,0,0,NA,1
"ASNt7",0,0,0,NA,1
"ASPCT",0,0,0,NA,1
"ASPGLU2m",0,0,0,NA,1
"ASPK",0,0,0,NA,1
"ASPOcm",0,0,0,NA,1
"ASPTA",0.0986475029652469,0.248267413546983,1.33153166069313,3.87961319837039e-23,1.04022128881306e-22
"ASPTA_rev",0,0,0,NA,1
"ASPTAm",0,0,0,NA,1
"ASPTAm_rev",3.68129435125069,3.86389234958947,0.0698417715926446,7.79826996356911e-22,1.26759057128887e-21
"ASPt2m",0,0,0,NA,1
"ASPt2m_rev",3.68129435125069,3.86389234958947,0.0698417715926446,7.79826996356911e-22,1.26759057128887e-21
"ASPt2n",0.108415766104339,0.186475117702338,0.78240299459328,0.00387671748693074,0.00510156994445793
"ASPt2r",0,0,0,NA,1
"ASPt2r_rev",3.30713947058708,3.41651599354757,0.0469419774945655,7.79369709331353e-22,1.26759057128887e-21
"ASPt5n",0.108415766104339,0.186475117702338,0.78240299459328,0.00387671748693074,0.00510156994445793
"ATPATF1",0,0,0,NA,1
"ATPH1",0,0,0,NA,1
"ATPM",1,1,0,NA,1
"ATPPRT",0,0.0020908610834597,11.0305713327774,1.44019401345064e-28,1.21145731719672e-27
"ATPS",0,0,0,NA,1
"ATPS3m",25.5925898340734,26.5883119053856,0.0550660333026042,7.75606873668575e-22,1.26759057128887e-21
"ATPtm_H",30.38132806191,31.5705227014468,0.0553932093419505,7.76859215639571e-22,1.26759057128887e-21
"BIOMASS_SC5_notrace",0.676235160827863,0.676235160827863,0,NA,1
"BPNT",0,0,0,NA,1
"BTDD_RR",6.98623350765087,6.91800739419506,-0.0141583063842998,7.80055736177764e-22,1.26759057128887e-21
"BTDt_RR",0,0,0,NA,1
"BTDt_RR_rev",6.98623350765087,6.91800739419506,-0.0141583063842998,7.80055736177764e-22,1.26759057128887e-21
"C14STR",0.00148771735381898,0.00148771735381898,0,NA,1
"C22STDS",0,0,0,NA,1
"C22STDSx",0,0,0,NA,1
"C24STRer",0.0004733646125795,0.0004733646125795,0,NA,1
"C3STDH1",0.00148771735381898,0.00148771735381898,0,NA,1
"C3STDH2",0.00148771735381898,0.00148771735381898,0,NA,1
"C3STKR1",0.00148771735381898,0.00148771735381898,0,NA,1
"C3STKR2",0.00148771735381898,0.00148771735381898,0,NA,1
"C4STMO1",0.00148771735381898,0.00148771735381898,0,NA,1
"C4STMO2",0.00148771735381898,0.00148771735381898,0,NA,1
"C5STDS",0,0,0,NA,1
"C8STI",0,0,0,NA,1
"CAT",0,0,0,NA,1
"CBPS",0,0,0,NA,1
"CERASE124er",0,0,0,NA,1
"CERASE126er",0,0,0,NA,1
"CERASE224er",0,0,0,NA,1
"CERASE226er",0,0,0,NA,1
"CERS124er",0,0,0,NA,1
"CERS126er",0,0,0,NA,1
"CERS224er",0,0,0,NA,1
"CERS226er",0,0,0,NA,1
"CHLPCTD",0.000105570205321611,0.00010574060540771,0.00230495032702607,1.92933197761105e-27,1.25406578544718e-26
"CHLSTI",0.000473364612577479,0.000473364612577255,-6.8265018796312e-13,0.0493515281103875,0.062087406332423
"CHOLK",0.000105570205321611,0.00010574060540771,0.00230495032702607,1.92933197761105e-27,1.25406578544718e-26
"CHORM",0,0,0,NA,1
"CHORS",0,0,0,NA,1
"CITt2r",0,0,0,NA,1
"CITt2r_rev",0,0,0,NA,1
"CITtam",0,0,0,NA,1
"CITtam_rev",0.145958900534626,0.303637321950707,1.0567818107353,7.33835087910726e-22,1.26759057128887e-21
"CITtbm",0,0,0,NA,1
"CITtcm",0.145758900534629,0.303417527914489,1.05771530507118,7.27068124253604e-22,1.26759057128887e-21
"CITtcm_rev",0,0,0,NA,1
"CMPN",0,0,0,NA,1
"CO2t",0,0,0,NA,1
"CO2t_rev",22.0005584763078,22.9182935303517,0.0589594775502705,7.79484007016099e-22,1.26759057128887e-21
"CO2tm",0,0,0,NA,1
"CO2tm_rev",6.96795456942469,7.25837217068351,0.058910806453864,7.80055736177764e-22,1.26759057128887e-21
"CO2tn",0.108415766104339,0.186475117702338,0.78240299459328,0.00387671748693074,0.00510156994445793
"CO2tv",0,0,0,NA,1
"COAtim",0.0089263041229294,0.00892630412294436,2.41858701037824e-12,0.232310761531508,0.261578259047288
"CRNCARtm",0,0,0,NA,1
"CRNtim",0,0,0,NA,1
"CSNATm",0,0,0,NA,1
"CSNATr",0,0,0,NA,1
"CSND",0.0723571622085824,0,-16.1428681456314,1.78998689666295e-25,8.72618612123188e-25
"CSNt2",0.0723571622085824,0,-16.1428681456314,1.78998689666295e-25,8.72618612123188e-25
"CSm",1.00876298038961,1.17724259391336,0.222824204240543,7.69825769775946e-22,1.26759057128887e-21
"CTPS1",0.030227711689017,0.0297401679520597,-0.0234581904328306,0.0140225856325487,0.0180110456178544
"CTPS2",0,0.000487543736919597,8.93234391514638,0.325178960006528,0.356782030288492
"CTPtm",8.25006896209049e-05,0,-6.38371620754652,4.77938015678093e-25,1.93429630873492e-24
"CYOOm",11.4896617637603,11.9623066521357,0.058159273422275,3.03606872695624e-22,7.08298252142433e-22
"CYOR_u6m",22.9791156131588,23.9245133042713,0.058166299122397,3.03560543476252e-22,7.08298252142433e-22
"CYSS",0,0,0,NA,1
"CYSTGL",0.00914946172606565,0.0126455975074787,0.466832840772083,3.08755173816126e-25,1.36552545945483e-24
"CYSTL",0,0,0,NA,1
"CYSTS",0.00914946172606565,0.0126455975074787,0.466832840772085,4.46147276435815e-23,1.18165916886583e-22
"CYSt2r",0,0,0,NA,1
"CYSt2r_rev",0.0046863096646017,0.00818244544601482,0.803948274831414,2.49506635999554e-25,1.16346029178053e-24
"CYTD",0,0,0,NA,1
"CYTDK2",0,0,0,NA,1
"CYTK1",0,0,0,NA,1
"CYTK1_rev",0.0182880261692104,0.0182878557691215,-1.34417495074358e-05,4.46220944886398e-23,1.18165916886583e-22
"CYTK2",0,0,0,NA,1
"CYTK2_rev",0,0,0,NA,1
"DADA",1.7741935483871e-06,0,-1.47206844431522,0.325178960006528,0.356782030288492
"DADK",0,0,0,NA,1
"DADK_rev",0.0048688931579606,0.00486889315787508,-2.53359002188947e-11,0.0360300499369166,0.0454614453615801
"DAGCPT_SC",0.000105570205321611,0.00010574060540771,0.00230495032702607,1.92933197761105e-27,1.25406578544718e-26
"DAGPYP_SC",0.00456872226677202,0.00456889266689613,5.37955736303014e-05,1.06084296597871e-24,3.18252889793612e-24
"DASYN_SC",0.00358404635229192,0.0118341153143296,1.72301008564544,2.54886426970628e-22,6.14304927923593e-22
"DASYN_SC_rev",0,0,0,NA,1
"DASYNm_SC",8.25006896209049e-05,0,-6.38371620754652,4.77938015678093e-25,1.93429630873492e-24
"DB4PS",0.000669472809213608,0.00066947280920811,-1.18299337359866e-11,0.397435643140809,0.419950470215288
"DCMPDA",0,0,0,NA,1
"DCMPDA_rev",0.00162296438598687,0.00162296438598687,0,NA,1
"DCTPD",0,0,0,NA,1
"DCYTD",0,0,0,NA,1
"DDPA",0,0,0,NA,1
"DDPAm",0,0,0,NA,1
"DESAT16",0,0,0,NA,1
"DESAT18",0,0,0,NA,1
"DESAT18_2",0.000669472809213608,0.00066947280920811,-1.18299337359866e-11,0.397435643140809,0.419950470215288
"DGK1",0,0,0,NA,1
"DGK1_rev",0.00162296438598687,0.00162296438598687,0,NA,1
"DHAD1m",0,0,0,NA,1
"DHAD2m",0,0,0,NA,1
"DHAK",0.00010650160653291,1e-04,-0.0900029270213282,1.44019401345064e-28,1.21145731719672e-27
"DHAPtm",0,0.104139309086038,16.6681690681696,0.158983201656503,0.182851993326112
"DHFR",0,0,0,NA,1
"DHORD4i",0,0,0,NA,1
"DHORDfum",0,0,0,NA,1
"DHORDi",0,0,0,NA,1
"DHORTS",0,0,0,NA,1
"DHQS",0,0,0,NA,1
"DHQTi",0,0,0,NA,1
"DIAT",0,0,0,NA,1
"DKMPPD2",0,0,0,NA,1
"DMATT",0.0029754347075784,0.00297543470763147,2.57238351680548e-11,0.142806623276726,0.166027212427414
"DOLPMMer",0.000669472809213608,0.00066947280920811,-1.18299337359866e-11,0.397435643140809,0.419950470215288
"DOLPMTcer",0.000669472809213608,0.00066947280920811,-1.18299337359866e-11,0.397435643140809,0.419950470215288
"DOLPt2er",0.000669472809213608,0.00066947280920811,-1.18299337359866e-11,0.397435643140809,0.419950470215288
"DPCOAK",0,0,0,NA,1
"DPMVD",0.00892630412291389,0.00892630412291389,0,NA,1
"DPR",0,0,0,NA,1
"DPRm",0,0,0,NA,1
"DROPPRy",0.000669472809213608,0.00066947280920811,-1.18299337359866e-11,0.397435643140809,0.419950470215288
"DRTPPD",0.000669472809213608,0.00066947280920811,-1.18299337359866e-11,0.397435643140809,0.419950470215288
"DTMPK",0,0,0,NA,1
"DTTPt",0,0,0,NA,1
"DURIK1",0,0,0,NA,1
"DURIPP",0,0,0,NA,1
"DURIPP_rev",0,5.80489957177901e-14,8.37469959852641e-08,0.414399483015836,0.436799455070746
"DUTPDP",0,0,0,NA,1
"D_LACDcm",4.03225806451613e-05,0,-5.36885844995477,2.55312105210333e-08,3.70030044375787e-08
"D_LACDm",5.96774193551057e-05,0,-5.92308782314267,7.15634387799456e-13,1.10434227469772e-12
"D_LACt2",0,0,0,NA,1
"D_LACt2_rev",0,0.000100000000002509,6.65821148278764,2.62737412911316e-26,1.58752605829513e-25
"D_LACt2m",1.12903225806452e-05,0,-3.61945087710645,0.00679981390666482,0.00889365904255856
"D_LACt2m_rev",0.223354703366669,0.0996355577326899,-1.16459600920873,0.0522027887868274,0.0654824455834764
"D_LACtm",0.223403090459202,0.0996355577326898,-1.16490851637557,2.00162921684849e-07,2.85282037883057e-07
"D_LACtm_rev",0,0,0,NA,1
"E4Ptm",0,0,0,NA,1
"ENO",0,0,0,NA,1
"EPISTt",0,0,0,NA,1
"EPISTt_rev",0,0,0,NA,1
"ERGSTt",0,0,0,NA,1
"ERGSTt_rev",0,0,0,NA,1
"ERGSTter",0.0004733646125795,0.0004733646125795,0,NA,1
"ERGTETROLter",0.0004733646125795,0.0004733646125795,0,NA,1
"ETOHt",0,0,0,NA,1
"ETOHt_rev",0.00031634809856068,2e-04,-0.658870697115983,1.44019401345064e-28,1.21145731719672e-27
"ETOHtm",0.00031634809856068,0.000193548387096774,-0.705937178821759,3.7325535168822e-28,2.76149854205287e-27
"EX_2hb_e",1.87012233492419,1.87900444997519,0.00683583202713286,3.03792257329155e-22,7.08298252142433e-22
"EX_2mbac_e",0,0,0,NA,1
"EX_2mbald_e",0,0,0,NA,1
"EX_2mbtoh_e",0,0,0,NA,1
"EX_2mppal_e",0,0,0,NA,1
"EX_2phetoh_e",0.0215349047892992,0.0218071473852252,0.0181232805141926,1.20310417258998e-25,6.70300896157277e-25
"EX_3c3hmp_e",0,0,0,NA,1
"EX_3mbald_e",0,0,0,NA,1
"EX_3mop_e",0,0,0,NA,1
"EX_4abut_e",0,0,0,NA,1
"EX_4abz_e",0,0,0,NA,1
"EX_Nbfortyr_e",0,0.0100561846587094,13.2959388827679,5.69814722594354e-25,2.14430277186823e-24
"EX_ac_e",0.168415005120935,0.172767050350517,0.036807198539954,7.78912679012649e-22,1.26759057128887e-21
"EX_acald_e",0,0,0,NA,1
"EX_aces_e",0,0,0,NA,1
"EX_ade_e",0,0,0,NA,1
"EX_ade_e_rev",0.0335412639770586,0.0335412639770689,4.43674570778298e-13,1.12371974431589e-08,1.64530979628504e-08
"EX_akg_e",0,0,0,NA,1
"EX_ala__L_e",0,0,0,NA,1
"EX_ala__L_e_rev",0.0830292841350233,0.0873631549962071,0.0734038364687773,7.80055736177764e-22,1.26759057128887e-21
"EX_arg__L_e",0,0,0,NA,1
"EX_arg__L_e_rev",0.140989954117019,0.138751475824563,-0.0230890889014132,2.76663680870452e-27,1.74542233960917e-26
"EX_asn__L_e",0,0,0,NA,1
"EX_asn__L_e_rev",0.0706871991282296,0.072934994791024,0.0451615897841984,1.14812394150999e-22,2.81454383375879e-22
"EX_asp__L_e",3.30713947058708,3.41651599354757,0.0469419774945655,7.79369709331353e-22,1.26759057128887e-21
"EX_asp__L_e_rev",0,0,0,NA,1
"EX_btd_RR_e",6.98623350765087,6.91800739419506,-0.0141583063842998,7.80055736177764e-22,1.26759057128887e-21
"EX_cit_e",0,0,0,NA,1
"EX_co2_e",22.0005584763078,22.9182935303517,0.0589594775502705,7.79484007016099e-22,1.26759057128887e-21
"EX_csn_e",0,0,0,NA,1
"EX_csn_e_rev",0.0723571622085824,0,-16.1428681456314,1.78998689666295e-25,8.72618612123188e-25
"EX_cys__L_e",0.0046863096646017,0.00818244544601482,0.803948274831414,2.49506635999554e-25,1.16346029178053e-24
"EX_cys__L_e_rev",0,0,0,NA,1
"EX_dttp_e",0,0,0,NA,1
"EX_epist_e",0,0,0,NA,1
"EX_ergst_e",0,0,0,NA,1
"EX_etoh_e",0.00031634809856068,2e-04,-0.658870697115983,1.44019401345064e-28,1.21145731719672e-27
"EX_fecost_e",0,0,0,NA,1
"EX_for_e",0,0.0034961357813962,11.7719580965239,1.37603889444645e-25,7.11229741828345e-25
"EX_fum_e",0,0,0,NA,1
"EX_g3pc_e",0,0,0,NA,1
"EX_gam6p_e",0,0,0,NA,1
"EX_glc__D_e",0,0,0,NA,1
"EX_glc__D_e_rev",8.36183476482418,7.95037901595772,-0.0727958869720485,7.7811349324212e-22,1.26759057128887e-21
"EX_gln__L_e",0,0,0,NA,1
"EX_gln__L_e_rev",2,1.9834967504007,-0.0119539601069447,2.34560292021189e-28,1.863451208835e-27
"EX_glu__L_e",0,0,0,NA,1
"EX_glu__L_e_rev",2,2,0,NA,1
"EX_glx_e",0,0,0,NA,1
"EX_gly_e",0,0,0,NA,1
"EX_gly_e_rev",0.186582973684985,0.169965722553692,-0.134572762039225,3.18785393001591e-22,7.16015359150171e-22
"EX_glyc_e",0,0,0,NA,1
"EX_gua_e",0,0,0,NA,1
"EX_gua_e_rev",0.0333992545932668,0.0333992545932709,1.72985031205995e-13,0.100032427465435,0.122261855791087
"EX_h2o_e",10.9408742007266,9.84878887450354,-0.151709773268011,7.79598320747168e-22,1.26759057128887e-21
"EX_h2o_e_rev",0,0,0,NA,1
"EX_h_e",0,0,0,NA,1
"EX_h_e_rev",0.575673424083949,0.273291372942427,-1.07480792037632,7.77543126922574e-22,1.26759057128887e-21
"EX_his__L_e",0,0,0,NA,1
"EX_his__L_e_rev",0.0448343911628873,0.0427435300794276,-0.0688981710751969,2.83569357083147e-23,7.75921728845638e-23
"EX_hxan_e",0,0,0,NA,1
"EX_iamac_e",0,0,0,NA,1
"EX_iamoh_e",0.00171609984294549,1.01185820736257e-05,-7.27085730256584,1.92933197761105e-27,1.25406578544718e-26
"EX_ibutac_e",0,0,0,NA,1
"EX_ibutoh_e",0.00664800385881275,0.0138238658022954,1.05605535624271,1.44019401345064e-28,1.21145731719672e-27
"EX_id3acald_e",0,0,0,NA,1
"EX_ile__L_e",0,0,0,NA,1
"EX_ile__L_e_rev",0.130310515491529,0.130310515491529,-3.20342650381492e-16,0.440395178558829,0.461930395114273
"EX_ind3eth_e",0,0,0,NA,1
"EX_lac__D_e",0,0.000100000000002509,6.65821148278764,2.62737412911316e-26,1.58752605829513e-25
"EX_lac__L_e",0,0,0,NA,1
"EX_lanost_e",0,0,0,NA,1
"EX_leu__L_e",0,0,0,NA,1
"EX_leu__L_e_rev",0.202152201512324,0.200446220251452,-0.0122266411203876,7.17100092012492e-23,1.84213137409197e-22
"EX_lys__L_e",0,0,0,NA,1
"EX_lys__L_e_rev",0.193538503028934,0.193538503028934,0,0.721430517379524,0.728220451660743
"EX_mal__L_e",0,0,0,NA,1
"EX_met__L_e",0,0,0,NA,1
"EX_met__L_e_rev",0.0434345843800382,0.0469307201614513,0.111685892011387,1.02420117323324e-24,3.09424157265536e-24
"EX_nadp_e",0,0,0,NA,1
"EX_nh4_e",3.91817869181187,3.76211582901021,-0.0586389115253199,5.38204752064411e-22,1.19015380740017e-21
"EX_nh4_e_rev",0,0,0,NA,1
"EX_o2_e",0,0,0,NA,1
"EX_o2_e_rev",11.5273551116246,12,0.0579728684058052,1.00923169331926e-24,3.09316582707594e-24
"EX_oaa_e",0,0,0,NA,1
"EX_orn_e",0.0323189637719818,0.0300804854795254,-0.103549769217661,1.27448673002466e-25,6.7500593479084e-25
"EX_pacald_e",0,0,0,NA,1
"EX_pap_e",0,0,0,NA,1
"EX_phe__L_e",0,0,0,NA,1
"EX_phe__L_e_rev",0.11208279282415,0.112355035420076,0.00349994240116022,2.7289649149171e-23,7.75315197681746e-23
"EX_pheac_e",0,0,0,NA,1
"EX_pi_e",0,0,0,NA,1
"EX_pi_e_rev",0.1336916912955,0.133691691295661,1.73561647976588e-12,0.0225255261587068,0.0287602700062061
"EX_pnto__R_e",0,0,0,NA,1
"EX_pro__L_e",0,0,0,NA,1
"EX_pro__L_e_rev",0.166914135924644,0.208210340224722,0.318933862383214,9.89019037370546e-23,2.45253853775702e-22
"EX_ptrc_e",0,0,0,NA,1
"EX_pyr_e",0,0,0,NA,1
"EX_sbt__D_e",0.819299847293467,2.18172596119736,1.41300535061036,7.78570074654748e-22,1.26759057128887e-21
"EX_ser__L_e",0,0,0,NA,1
"EX_ser__L_e_rev",0.142773529505651,0.168472895687943,0.238786438882424,9.09271298193375e-23,2.29457286426446e-22
"EX_so3_e",0,0,0,NA,1
"EX_so4_e",0,0,0,NA,1
"EX_so4_e_rev",0.0135247032165608,0.0135247032165608,0,NA,1
"EX_spmd_e",0,0,0,NA,1
"EX_succ_e",0,0,0,NA,1
"EX_thr__L_e",0,0,0,NA,1
"EX_thr__L_e_rev",2,2,0,NA,1
"EX_thym_e",0,0,0,NA,1
"EX_thym_e_rev",0.00243444657898029,0.00243444657898028,-6.08651035724836e-15,6.25369183125586e-11,9.51359501988923e-11
"EX_tre_e",0,0,0,NA,1
"EX_tre_e_rev",1.03303951375763,2,0.953103886455999,1.00826696571384e-24,3.09316582707594e-24
"EX_trp__L_e",0,0,0,NA,1
"EX_trp__L_e_rev",0.0192050785675113,0.0192050785675113,0,1,1
"EX_ttdca_e",0,0,0,NA,1
"EX_tyr__L_e",0,0,0,NA,1
"EX_tyr__L_e_rev",0.0689759864044421,0.089088355721861,0.36913797173536,8.57364690573799e-23,2.18934197771524e-22
"EX_ura_e",0,0,0,NA,1
"EX_ura_e_rev",0,0.072357162208585,16.1428681456315,1.92963057232252e-25,9.19790572807067e-25
"EX_urea_e",0.0323189637719818,0.0300804854795254,-0.103549769217662,1.27448673002466e-25,6.7500593479084e-25
"EX_val__L_e",0,0,0,NA,1
"EX_val__L_e_rev",0.185579827413865,0.192755689357348,0.0547332562231503,5.60755520678148e-25,2.14430277186823e-24
"EX_xan_e",0,0,0,NA,1
"EX_zymst_e",0,0,0,NA,1
"FACOAL140",0,0,0,NA,1
"FACOAL140_rev",0.00980705918514942,0.0198982184844244,1.02067218205762,0.665447142619805,0.674926003458692
"FACOAL160",0.00132666884412417,0.00594378957240303,2.16273039873703,2.39371522999509e-08,3.48102994463693e-08
"FACOAL160_rev",0.0119777825563954,0.00613711479556024,-0.96461375709246,3.33555116469408e-12,5.11054089162057e-12
"FACOAL161",0.00647365260079585,0.00647371053686331,1.29093726585489e-05,7.31142600130592e-22,1.26759057128887e-21
"FACOAL180",0.00162915859900775,0.00126269980993243,-0.367358537774775,5.06624507408977e-05,7.05655563891076e-05
"FACOAL181",0.01254749947055,0.0125475812626173,9.40356459510428e-06,7.47330735275637e-22,1.26759057128887e-21
"FACOAL182",1.90026369578908e-05,1.903330897342e-05,0.00221053217682173,6.69289987339522e-25,2.43326614041233e-24
"FAS100",0,0,0,NA,1
"FAS100COA",0.0378691690058174,0.0378691690060296,8.08160438380164e-12,0.135277744599496,0.162560651073344
"FAS120",4.22280821286467e-06,4.22962421630848e-06,0.00188155548051174,1.44019401345064e-28,1.21145731719672e-27
"FAS120COA",0.0371075628174885,0.0371075560016927,-2.64982390823225e-07,5.47745714413661e-22,1.20504057171005e-21
"FAS140",1.68912328514587e-05,1.69184968652339e-05,0.00219681440656458,1.44019401345064e-28,1.21145731719672e-27
"FAS140COA",0.034822744252501,0.034822716988682,-1.12949921641361e-06,4.6817316198538e-22,1.04065433415403e-21
"FAS160",0.00340730572807633,0.0134985263713462,1.98578213392858,6.47969995292931e-06,9.11406976985794e-06
"FAS160COA",0.0212076541257049,0.0111164334825729,-0.931829299341176,4.378561210609e-06,6.17895644523442e-06
"FAS161",0.00643775873098887,0.00643775873102498,8.09185534861379e-12,0.055379602681389,0.0692648674936323
"FAS180",0.0016186015784762,0.00125212574939175,-0.370107759864003,0.0756734516105,0.0938263316211113
"FAS180COA",0.000274856871814662,0.000641332700909714,1.21940082575893,0.00982884155043918,0.0127005211600554
"FAS181",0.0124968257719197,0.0124968257719897,8.08032301320012e-12,0.275251595878629,0.309117629926523
"FAS80COA_L",0.0378691690058174,0.0378691690060296,8.08160438380164e-12,0.135277744599496,0.162560651073344
"FAS80_L",0,0,0,NA,1
"FBA",0.00010121334680123,1e-04,-0.0172282996461091,1.44019401345064e-28,1.21145731719672e-27
"FBA3",7.67798307382676,7.63978700329772,-0.0071949622269284,7.79598320747168e-22,1.26759057128887e-21
"FBA_rev",0,0,0,NA,1
"FBP",0,0,0,NA,1
"FBP26",0,0,0,NA,1
"FDH",0,0,0,NA,1
"FDNG",0,0,0,NA,1
"FE2utm",0,0,0,NA,1
"FECOSTt",0,0,0,NA,1
"FECOSTt_rev",0,0,0,NA,1
"FEtm",0,0,0,NA,1
"FEtm_rev",0,0,0,NA,1
"FKYNH",0,0,0,NA,1
"FORt",0,0,0,NA,1
"FORt_rev",0,0.0034961357813962,11.7719580965239,1.37603889444645e-25,7.11229741828345e-25
"FRDcm",0,2e-04,7.65105169117893,1.44019401345064e-28,1.21145731719672e-27
"FRDm",0,0,0,NA,1
"FTHFCLm",0,0,0,NA,1
"FTHFLi",0.00349613578145731,0,-11.7719580965491,3.73349453237918e-28,2.76149854205287e-27
"FUM",0.0764415006241177,0.00209086108318189,-5.1915160201901,1.93444647669457e-22,4.68857366385295e-22
"FUM_rev",0,0,0,NA,1
"FUMm",4.78873822783673,4.98221079606122,0.0571404771544062,7.77885298667662e-22,1.26759057128887e-21
"FUMt2r",0,0,0,NA,1
"FUMt2r_rev",0,0,0,NA,1
"G3PCt",0,0,0,NA,1
"G3PCt_rev",0,0,0,NA,1
"G3PD1ir",0.0168095100787095,0.120942317558321,2.84689565293782,1.6338884846012e-20,2.61544089512654e-20
"G3PD1irm",0,0.200820071779487,17.6155511309605,0.0824221059897516,0.101606561694263
"G3PDm",0,0.304959380865525,18.2182623005827,0.0234811714296884,0.0298914615529268
"G3PT",0.00010650160653291,1e-04,-0.0900029270213282,1.44019401345064e-28,1.21145731719672e-27
"G5SADrm",0,0,0,NA,1
"G5SADs",0,0,0,NA,1
"G5SD",0,0,0,NA,1
"G5SD2",0,0,0,NA,1
"G6PDA",0.530099472240213,1.13942916633633,1.10397477613079,0.0897261455686861,0.109978618425618
"G6PDH2er",0.00196108196639616,0.00196108196639621,3.45970062412007e-14,2.64633620788904e-25,1.18258149290041e-24
"G6PDH2r",0.404740256611508,0.995267715211227,1.29808618009988,7.79826996356911e-22,1.26759057128887e-21
"G6PI",1.81743961749499,1.8431063260404,0.0202318563012452,0.620509652976557,0.636838854370677
"G6PI3",4.11636418842526,4.26218335233708,0.0502220170016651,0.474160784726261,0.496134089384307
"G6PI3_rev",0,0,0,NA,1
"G6PI_rev",2.3350913030231,1.4491423142264,-0.6882793003656,0.214998413023255,0.244006135415282
"G6Pter",0.00196108196639616,0.00196108196639621,3.45970062412007e-14,2.64633620788904e-25,1.18258149290041e-24
"GALT",0,0,0,NA,1
"GALUi",1.11801959139671,1.80838821661342,0.693758460447733,1.00845984019432e-24,3.09316582707594e-24
"GAM6Pt",0,0,0,NA,1
"GAM6Pt_rev",0,0,0,NA,1
"GAPD",0,0,0,NA,1
"GARFT",0,0,0,NA,1
"GAT1_SC",0.0168085786774947,0.0168087490776904,1.46246539543729e-05,2.89152096088921e-23,7.80165089447467e-23
"GAT2_SC",0,0,0,NA,1
"GBEZ",0.0508976028710197,0,-15.6353384354827,0.00195467860790406,0.00262049100872137
"GCC2am",0,0,0,NA,1
"GCC2bim",0,0,0,NA,1
"GCC2cm_copy1",4.78873822783678,1.84824126305525,-1.37349200127171,0.0119778964770538,0.0154309837497179
"GCC2cm_copy2",0,3.13396953300601,21.5795601843338,2.21487363024074e-13,3.43025555008403e-13
"GCCam",0,0,0,NA,1
"GCCbim",0,0,0,NA,1
"GCCcm",0,0,0,NA,1
"GF6PTA",0.530099472240213,1.13942916633633,1.10397477613079,0.0897261455686861,0.109978618425618
"GHMT2r",0,0.0222032304008785,14.4385469478787,5.02296227717368e-25,1.99523223787732e-24
"GHMT2r_rev",0,0,0,NA,1
"GHMT2rm",0,0,0,NA,1
"GHMT2rm_rev",0,0,0,NA,1
"GK1",0.0012923435779302,0.00129411777147882,0.00197771593970151,0.585168726686284,0.604909358429917
"GK1_rev",0,0,0,NA,1
"GK2",0.00100009361735704,0.000998319423711881,-0.00255909253943886,0.932108961509144,0.934286786185567
"GK2_rev",0,0,0,NA,1
"GLCGSD",0,0.690368625216719,19.3970094648615,1.00826696571384e-24,3.09316582707594e-24
"GLCGSDv",0,0,0,NA,1
"GLCNtv",0,0,0,NA,1
"GLCP",0,0,0,NA,1
"GLCS2",0.299730328018227,1.04099655610597,1.79622489389248,1.47945214929692e-23,4.31758484386651e-23
"GLCt1",8.36183476482418,7.95037901595772,-0.0727958869720485,7.7811349324212e-22,1.26759057128887e-21
"GLCtv",0,0,0,NA,1
"GLCtv_rev",0,1.70770407656266,20.7036274100207,1.00807412674115e-24,3.09316582707594e-24
"GLNS",0.00457914353321187,0,-12.1611770950822,1.44019401345064e-28,1.21145731719672e-27
"GLNt2r",2,1.9834967504007,-0.0119539601069447,2.34560292021189e-28,1.863451208835e-27
"GLNt2r_rev",0,0,0,NA,1
"GLNt6",0,0,0,NA,1
"GLNt7",0,0,0,NA,1
"GLU5K",0,0,0,NA,1
"GLUDC",0,0,0,NA,1
"GLUDxi",0,0,0,NA,1
"GLUDy",0,0,0,NA,1
"GLUDy_rev",0,0,0,NA,1
"GLUK",4.63401587395269,3.86821934052239,-0.260593321970416,0.47959085490097,0.500594833947728
"GLUN",1.40320448534174,0.770213993292737,-0.86539318005727,2.26993429844264e-10,3.44099580929997e-10
"GLUPRT",0,0,0,NA,1
"GLUSx",0,0,0,NA,1
"GLUt2r",2,2,0,NA,1
"GLUt2r_rev",0,0,0,NA,1
"GLUt5m",0,0,0,NA,1
"GLUt7m",3.87039594304548,4.01177111486229,0.0517581223247155,1.30516377684292e-22,3.18133670605463e-22
"GLXt",0,0,0,NA,1
"GLYC3Ptm",0,0.104139309086038,16.6681690681696,0.158983201656503,0.182851993326112
"GLYCDy",0.00010650160653291,1e-04,-0.0900029270213282,1.44019401345064e-28,1.21145731719672e-27
"GLYCLm",0,0,0,NA,1
"GLYCt",0,0,0,NA,1
"GLYCt2",0,0,0,NA,1
"GLYGS",0.0508976028710197,0,-15.6353384354827,0.00195467860790406,0.00262049100872137
"GLYK",0,0,0,NA,1
"GLYOX",1e-04,1e-04,0,NA,1
"GLYt2m",0,0,0,NA,1
"GLYt2r",0.186582973684985,0.169965722553692,-0.134572762039225,3.18785393001591e-22,7.16015359150171e-22
"GLYt2r_rev",0,0,0,NA,1
"GMPS2",0,0,0,NA,1
"GND",0.406701338577933,0.997228797177641,1.29395270467037,7.79826996356911e-22,1.26759057128887e-21
"GNNUC",0,0,0,NA,1
"GPDDA1",0.000105570205321611,0.00010574060540771,0.00230495032702607,1.92933197761105e-27,1.25406578544718e-26
"GRTT",0.0029754347075784,0.00297543470763147,2.57238351680548e-11,0.142806623276726,0.166027212427414
"GSNK",0.033399254593369,0.0333992545932724,-4.1700604513471e-12,0.600209425178655,0.618965969715488
"GTHOr",0,0,0,NA,1
"GTHPi",0,0,0,NA,1
"GTPCII",0.000669472809213608,0.00066947280920811,-1.18299337359866e-11,0.397435643140809,0.419950470215288
"GTPH1",0,0,0,NA,1
"GTPt2m",0,0,0,NA,1
"GUAD",0,0,0,NA,1
"GUAPRT",0,0,0,NA,1
"GUAt2r",0.0333992545932675,0.0333992545932708,1.41591451468612e-13,0.175951338490341,0.20128833123295
"GUAt2r_rev",0,0,0,NA,1
"H2Ot",0,0,0,NA,1
"H2Ot_rev",10.9408742007266,9.84878887450354,-0.151709773268011,7.79598320747168e-22,1.26759057128887e-21
"H2Oter",0.0014877173537892,0.00148771735381573,2.57158266017954e-11,0.142806623276726,0.166027212427414
"H2Otm",0,0,0,NA,1
"H2Otm_rev",42.64615937041,44.1508766970867,0.0500262632722777,7.78227614559089e-22,1.26759057128887e-21
"H2Otn",0.108415766104339,0.186475117702338,0.78240299459328,0.00387671748693074,0.00510156994445793
"H2Otv",0,0.853852038281332,19.7036282548355,1.00807412674115e-24,3.09316582707594e-24
"HACNHm",0,0,0,NA,1
"HCITSm",0,0,0,NA,1
"HCO3E",0.160455333836966,0.0823959822404718,-0.961517334233576,0.00170772133991679,0.00230381275101982
"HCO3En",0.108415766104339,0.186475117702338,0.78240299459328,0.00387671748693074,0.00510156994445793
"HCO3tn",0,0,0,NA,1
"HCO3tn_rev",0.108415766104339,0.186475117702338,0.78240299459328,0.00387671748693074,0.00510156994445793
"HCYSMT",0,0,0,NA,1
"HETZK",0,0,0,NA,1
"HEX1",4.94295026556655,6.55915453392795,0.408137402886405,1.21686168412762e-05,1.70599236108088e-05
"HEX7",0,0,0,NA,1
"HICITDm",0,0,0,NA,1
"HISTD",0,0.0020908610834597,11.0305713327774,1.44019401345064e-28,1.21145731719672e-27
"HISTP",0,0.0020908610834597,11.0305713327774,1.44019401345064e-28,1.21145731719672e-27
"HISt2r",0.0448343911628873,0.0427435300794276,-0.0688981710751969,9.31213020078409e-24,2.73623551790163e-23
"HISt2r_rev",0,0,0,NA,1
"HKYNH",0,0,0,NA,1
"HMGCOAR",0.0014877173537892,0.00148771735381573,2.57158266017954e-11,0.142806623276726,0.166027212427414
"HMGCOAS",0,0,0,NA,1
"HMGCOASm",0.00892630412291389,0.00892630412288837,-4.12377093836684e-12,0.325178960006528,0.356782030288492
"HMGCOAtm",0.00892630412291389,0.00892630412288837,-4.12377093836684e-12,0.325178960006528,0.356782030288492
"HMPK1",0,0,0,NA,1
"HSDxi",0,0,0,NA,1
"HSDy",0,0,0,NA,1
"HSDy_rev",0,0,0,NA,1
"HSERTA",0,0,0,NA,1
"HSK",0,0,0,NA,1
"HSTPT",0,0.0020908610834597,11.0305713327774,1.44019401345064e-28,1.21145731719672e-27
"HXANt2r",0,0,0,NA,1
"HXANt2r_rev",0,0,0,NA,1
"HXPRT",0,0,0,NA,1
"HYPOE",0,0,0,NA,1
"IAMACt",0,0,0,NA,1
"IAMOHt",0.00171609984294549,1.01185820736257e-05,-7.27085730256584,1.92933197761105e-27,1.25406578544718e-26
"IAMOHtm",0.00171609984294549,5.71210278349837e-06,-7.99899340560607,1.00942474543271e-24,3.09316582707594e-24
"IBUTACt",0,0,0,NA,1
"IBUTOHt",0.00664800385881275,0.0138238658022954,1.05605535624271,1.44019401345064e-28,1.21145731719672e-27
"IBUTOHtm",0.00664800385881275,0.00512998247504507,-0.37390311697065,0.00689363238466284,0.00893464741093764
"ICDHxm",0.862804079855002,0.873605271962593,0.017948543428287,7.78227614559089e-22,1.26759057128887e-21
"ICDHym",0,0,0,NA,1
"ICDHyr",0.145758900534621,0.303637321950711,1.05876000386677,7.27068124253604e-22,1.26759057128887e-21
"ICL",2e-04,0,-7.65105169117893,1.44019401345064e-28,1.21145731719672e-27
"ID3ACALDt",0,0,0,NA,1
"ID3ACALDtm",0,0,0,NA,1
"IG3PS",0,0.0020908610834597,11.0305713327774,1.44019401345064e-28,1.21145731719672e-27
"IGPDH",0,0.0020908610834597,11.0305713327774,1.44019401345064e-28,1.21145731719672e-27
"IGPS",0,0,0,NA,1
"ILETA",0.0172123890782853,0.0218196377175739,0.342162093615738,3.17670622903671e-22,7.16015359150171e-22
"ILETA_rev",0,0,0,NA,1
"ILETAm",0.0172123890782853,0.0218196377175739,0.342162093615738,3.18688307879547e-22,7.16015359150171e-22
"ILEt2r",0.130310515491529,0.130310515491529,-3.20342650381492e-16,0.440395178558829,0.461930395114273
"ILEt2r_rev",0,0,0,NA,1
"ILEt6",0,0,0,NA,1
"ILEt7",0,0,0,NA,1
"ILEtmi",0.0172123890782853,0.0218196377175739,0.342162093615738,3.18688307879547e-22,7.16015359150171e-22
"IMPC",0,0,0,NA,1
"IMPC_rev",0,0.0020908610834597,11.0305713327774,1.44019401345064e-28,1.21145731719672e-27
"IMPD",0,0,0,NA,1
"IND3ETHt",0,0,0,NA,1
"IND3ETHtm",0,0,0,NA,1
"INDPYRD",0,0,0,NA,1
"INSK",0.0486213080635176,0,-15.5693307581641,6.59480615233715e-25,2.41809558919029e-24
"IPC124PLC_SC",0,0,0,NA,1
"IPC126PLC_SC",0,0,0,NA,1
"IPC224PLC_SC",0,0,0,NA,1
"IPC226PLC_SC",0,0,0,NA,1
"IPC324PLC_SC",0,0,0,NA,1
"IPC326PLC_SC",0,0,0,NA,1
"IPCS124_SC",0,0,0,NA,1
"IPCS126_SC",0,0,0,NA,1
"IPCS224_SC",0,0,0,NA,1
"IPCS226_SC",0,0,0,NA,1
"IPCS324_SC",0,0,0,NA,1
"IPCS326_SC",0,0,0,NA,1
"IPDDI",0.0029754347075784,0.00297543470763147,2.57238351680548e-11,0.142806623276726,0.166027212427414
"IPMD",0,0,0,NA,1
"IPPMIa",0,0,0,NA,1
"IPPMIb",0,0,0,NA,1
"IPPS",0,0,0,NA,1
"IPPSm",0,0,0,NA,1
"KARA1im",0,0,0,NA,1
"KARA2im",0,0,0,NA,1
"KYN",0,0,0,NA,1
"KYN3OX",0,0,0,NA,1
"LALDO3",0.0001079143617958,1e-04,-0.108838912000032,1.44019401345064e-28,1.21145731719672e-27
"LANOSTt",0,0,0,NA,1
"LANOSTt_rev",0,0,0,NA,1
"LCADi",0.0001079143617958,1e-04,-0.108838912000032,1.44019401345064e-28,1.21145731719672e-27
"LEUTA",0.00171609984294549,1.01185820736149e-05,-7.27085730256724,1.92933197761105e-27,1.25406578544718e-26
"LEUTA_rev",0,0,0,NA,1
"LEUt2r",0.202152201512324,0.200446220251452,-0.0122266411203876,7.17100092012492e-23,1.84213137409197e-22
"LEUt2r_rev",0,0,0,NA,1
"LEUt6",0,0,0,NA,1
"LEUt7",0,0,0,NA,1
"LGTHL",1e-04,1e-04,0,NA,1
"LNS14DM",0.00148771735381898,0.00148771735381898,0,NA,1
"LNS14DMx",0,0,0,NA,1
"LNSTLS",0.0014877173537892,0.00148771735381573,2.57158266017954e-11,0.142806623276726,0.166027212427414
"LPCAT_SC",3.02165139647554e-05,7.19863235719983e-07,-4.18194368567114,1.5581654764771e-14,2.43073814330427e-14
"LPP_SC",0,0,0,NA,1
"LYSt2r",0.193538503028934,0.193538503028934,-1.60171325190746e-16,0.211404475980049,0.240563714046263
"LYSt2r_rev",0,0,0,NA,1
"L_LACD2cm",0.0001079143617958,1e-04,-0.108838912000032,1.44019401345064e-28,1.21145731719672e-27
"L_LACt2r",0,0,0,NA,1
"L_LACt2r_rev",0,0,0,NA,1
"MALS",0,0,0,NA,1
"MALt2r",-1.2490009027033e-14,0,1.80192742917711e-08,0.325178960006528,0.356782030288492
"MALt2r_rev",0,0,0,NA,1
"MALtm",0,0,0,NA,1
"MALtm_rev",0.0695173999105162,0.0532790473257751,-0.383799512467456,6.72953588218685e-22,1.26759057128887e-21
"MAN1PT",0.000669472809213608,0.00066947280920811,-1.18299337359866e-11,0.397435643140809,0.419950470215288
"MAN6PI",0.000669472809213608,0.00066947280920811,-1.18299337359866e-11,0.397435643140809,0.419950470215288
"MANNANter",0.000669472809213608,0.00066947280920811,-1.18299337359866e-11,0.397435643140809,0.419950470215288
"MCITDm",0,0,0,NA,1
"MCITL2m",0,0,0,NA,1
"MCITSm",0,0,0,NA,1
"MDH",0,0,0,NA,1
"MDH_rev",0,0.248267413546983,17.9215411978209,1.20310417258998e-25,6.70300896157277e-25
"MDHm",4.591409828675,5.04113494350245,0.134811333001725,7.79941358239863e-22,1.26759057128887e-21
"MDHm_rev",0,0,0,NA,1
"MDRPD",0,0,0,NA,1
"ME1m",0.273769899785847,0.19143412718892,-0.516113524929337,7.79598320747168e-22,1.26759057128887e-21
"ME2m",0,0,0,NA,1
"METAT",0.012645597507479,0.0126455975074788,-2.46663840793751e-14,0.00088386390575829,0.00120757202410926
"METB1",0,0,0,NA,1
"METS",0.00349613578142318,0,-11.771958096535,4.11742369395262e-25,1.74888590564918e-24
"METt2r",0.0434345843800382,0.0469307201614513,0.111685892011387,1.02420117323324e-24,3.09424157265536e-24
"METt2r_rev",0,0,0,NA,1
"MEVK1",0.00316739823707903,0.00057589058857509,-2.45738404715999,7.75233182568527e-05,0.000107629461269223
"MEVK2",0.00273725448923046,0.00763232449214884,1.47905498678751,4.63636832557788e-11,7.07829897392495e-11
"MEVK3",0.00143795227790443,0.000718089042170475,-1.00077641615155,0.143959499490834,0.166915203463697
"MEVK4",0.00158369911853934,0,-10.6299932314007,0.000558216779750804,0.000767548072157356
"MFAPS_SC",0.00405741096496717,0.00405741096496717,0,NA,1
"MGSA",0.0002079143617958,2e-04,-0.055716172328611,1.44019401345064e-28,1.21145731719672e-27
"MI1PP",0.0035840463523839,0.00358404635237635,-3.0374890109205e-12,0.00108646081487908,0.00147497370121242
"MI1PS",0.000669472809213608,0.00066947280920811,-1.18299337359866e-11,0.397435643140809,0.419950470215288
"MOHMT",0,0,0,NA,1
"MTAP",0,0,0,NA,1
"MTHFC",0,0.0222032304008786,14.4385469478787,5.90312825214743e-25,2.18953856891886e-24
"MTHFC_rev",0.00349613578142482,0,-11.7719580965357,3.74025102628116e-25,1.63731396966798e-24
"MTHFD",0,0.0222032304008785,14.4385469478787,5.02296227717368e-25,1.99523223787732e-24
"MTHFD2i",0,0,0,NA,1
"MTHFD_rev",0.00349613578141189,0,-11.7719580965303,1.64490503385653e-25,8.30193246499354e-25
"MTHFR3",0.00349613578142318,0,-11.771958096535,4.11742369395262e-25,1.74888590564918e-24
"MTRI",0,0,0,NA,1
"NABTNO",0,0,0,NA,1
"NADH2_u6cm",6.55705240312808,6.36656191139313,-0.0425329236107954,7.79941358239863e-22,1.26759057128887e-21
"NADH2_u6m",11.633124982194,12.2707812159514,0.076988397222918,1.50209213357127e-20,2.41347387753586e-20
"NADK",0,0,0,NA,1
"NADKm",0,0,0,NA,1
"NADPPPS",0,0,0,NA,1
"NADPPPSm",0,0,0,NA,1
"NADPt",0,0,0,NA,1
"NADS1",0,0,0,NA,1
"NDP1",0,0,0,NA,1
"NDP3",0,0,0,NA,1
"NDP4",0,0,0,NA,1
"NDP7",0,0,0,NA,1
"NDPK1",0.780602094662925,0.581241442687499,-0.42544912896901,9.18484560553347e-21,1.48131532510295e-20
"NDPK1_rev",0,0,0,NA,1
"NDPK2",1.1514539665902,1.84023889268839,0.676435859072267,6.36496298371316e-22,1.26759057128887e-21
"NDPK3",0,0,0,NA,1
"NDPK3_rev",0.0155507716800985,0.0106555312769927,-0.545341029319314,1.5340035618729e-18,2.44642203733634e-18
"NDPK4",0,0,0,NA,1
"NDPK4_rev",0,0,0,NA,1
"NDPK5",0,0,0,NA,1
"NDPK5_rev",0.00162296438607424,0.00162296438598731,-7.72258035861591e-11,0.623854390197304,0.637222698558675
"NDPK6",0,0,0,NA,1
"NDPK6_rev",0.00162296438594154,0.00162296438598699,4.03734249123153e-11,0.0578367204561093,0.071918704567162
"NDPK7",0,0,0,NA,1
"NDPK7_rev",0,0,0,NA,1
"NDPK8",0,0,0,NA,1
"NDPK8_rev",0.00386879954060479,0.00387057373416377,0.000661283264111839,0.639858282169826,0.652017109384455
"NDPK9",0,0,0,NA,1
"NFORTYRt",0,0.0100561846587094,13.2959388827679,5.69814722594354e-25,2.14430277186823e-24
"NFTYROX",0,0.0100561846587094,13.2959388827679,5.69814722594354e-25,2.14430277186823e-24
"NH4t",0,0,0,NA,1
"NH4t_rev",3.91817869181187,3.76211582901024,-0.0586389115253072,6.23999579134781e-22,1.26759057128887e-21
"NH4ti",0,0,0,NA,1
"NH4tm",0,0,0,NA,1
"NH4tm_rev",0,0,0,NA,1
"NNATr",0,0,0,NA,1
"NNDPR",0,0,0,NA,1
"NTD1",0,0,0,NA,1
"NTD10",0,0,0,NA,1
"NTD11",0,0,0,NA,1
"NTD2",0,0,0,NA,1
"NTD3",0,0,0,NA,1
"NTD4",0,0,0,NA,1
"NTD5",0,0,0,NA,1
"NTD6",0.00243444657898029,0.00243444657889477,-5.06593070748689e-11,0.0360300499369166,0.0454614453615801
"NTD7",0,0,0,NA,1
"NTD8",0,0,0,NA,1
"NTD9",0,0,0,NA,1
"NTP3",0,0,0,NA,1
"NTP4",0,0,0,NA,1
"O2t",11.5273551116246,12,0.0579728684058052,1.00923169331926e-24,3.09316582707594e-24
"O2ter",0.0014877173537892,0.00148771735381573,2.57158266017954e-11,0.142806623276726,0.166027212427414
"O2tm",11.4896617637603,11.9623066521357,0.058159273422275,3.03606872695624e-22,7.08298252142433e-22
"OAAt",0,0,0,NA,1
"OAAt2m",0.0986475029652469,0,-16.5900095371278,1.55774150140705e-25,7.955608382186e-25
"OAAt2m_rev",0,0,0,NA,1
"OBDHm",0,0,0,NA,1
"OCBT",0,0,0,NA,1
"OHACT1",0,0,0,NA,1
"OHACT2",0,0,0,NA,1
"OHACT3",0,0,0,NA,1
"OHACT4",0,0,0,NA,1
"OHACT5",0,0,0,NA,1
"OMCDC",0,0,0,NA,1
"OMPDC",0,0,0,NA,1
"ORNDC",0,0,0,NA,1
"ORNTA",0,0,0,NA,1
"ORNTACim",0,0,0,NA,1
"ORNt2r",0,0,0,NA,1
"ORNt2r_rev",0.0323189637719818,0.0300804854795254,-0.103549769217661,1.27448673002466e-25,6.7500593479084e-25
"ORNt3m",0,0,0,NA,1
"ORPT",0,0,0,NA,1
"OXAGm",0,0,0,NA,1
"P5CDm",0.0555382049362946,0.0968344092363731,0.802028161206494,2.85770706661097e-23,7.75921728845638e-23
"P5CR",0,0,0,NA,1
"PACALDt",0,0,0,NA,1
"PACALDtm",0.0215349047892992,0.00914493277444927,-1.23554171686558,0.109257549995756,0.132032363234308
"PAK_SC",0,0,0,NA,1
"PAN4Ptm",0,0,0,NA,1
"PANTS",0,0,0,NA,1
"PANTtm",0,0,0,NA,1
"PAPSR",0,0,0,NA,1
"PAPt",0,0,0,NA,1
"PAPt_rev",0,0,0,NA,1
"PAPtm",0,0,0,NA,1
"PAtm_SC",8.25006896209049e-05,0,-6.38371620754652,4.77938015678093e-25,1.93429630873492e-24
"PC",0,0,0,NA,1
"PCDAGAT",3.02165139647554e-05,7.19863235719983e-07,-4.18194368567114,1.5581654764771e-14,2.43073814330427e-14
"PDE1",0,0,0,NA,1
"PDHm",1.03554189275836,1.20402150628205,0.217475048014992,7.71748205589288e-22,1.26759057128887e-21
"PETOHM_SC",0.00405741096496717,0.00405741096496717,0,NA,1
"PEtm_SC",7.10046918869256e-05,7.10046918869256e-05,3.20342650381492e-16,5.6486917353134e-08,8.07762918149816e-08
"PEtv_SC",0,0,0,NA,1
"PFK",0.00010121334680123,1e-04,-0.0172282996461091,1.44019401345064e-28,1.21145731719672e-27
"PFK26",0,0,0,NA,1
"PFK_3",7.67798307382676,7.63978700329772,-0.0071949622269284,7.79598320747168e-22,1.26759057128887e-21
"PGCD",0,0,0,NA,1
"PGI",4.15414769713607,3.80908640715283,-0.125107464348367,0.00505903553472458,0.00663708331619831
"PGI_rev",0.221850722368761,0.45309694518282,1.03022719447324,0.547193124930395,0.56839189006087
"PGK",15.4271344067124,15.5468932858243,0.0111562107789096,7.79484007016099e-22,1.26759057128887e-21
"PGK_rev",0,0,0,NA,1
"PGL",0.406701338577933,0.997228797177641,1.29395270467037,7.79826996356911e-22,1.26759057128887e-21
"PGM",15.4271344067124,15.5468932858243,0.0111562107789096,7.79598320747168e-22,1.26759057128887e-21
"PGMT",0,0,0,NA,1
"PGMT_rev",1.11801959139671,1.80838821661342,0.693758460447733,1.0086527501888e-24,3.09316582707594e-24
"PGM_rev",0,0,0,NA,1
"PHCDm",0,0,0,NA,1
"PHCHGSm",0,0,0,NA,1
"PHCHGSm_rev",0,0,0,NA,1
"PHEACt",0,0,0,NA,1
"PHETA1",0.0215349047892992,0.0218071473852252,0.0181232805141926,1.20310417258998e-25,6.70300896157277e-25
"PHETA1_rev",0,0,0,NA,1
"PHEt2r",0.11208279282415,0.112355035420076,0.00349994240116022,2.7289649149171e-23,7.75315197681746e-23
"PHEt2r_rev",0,0,0,NA,1
"PI35BP5P_SC",0,0,0,NA,1
"PI3P5K_SC",0,0,0,NA,1
"PI45BP5P_SC",0,0,0,NA,1
"PI4P5K_SC",0,0,0,NA,1
"PINOS_SC",0.0035840463523839,0.00358404635237635,-3.0374890109205e-12,0.00108646081487908,0.00147497370121242
"PIt2m",30.2953105240846,31.5172436541211,0.057046874196655,7.76631373210381e-22,1.26759057128887e-21
"PIt2m_rev",0,0,0,NA,1
"PIt2r",0.1336916912955,0.133691691295661,1.73561647976588e-12,0.0225255261587068,0.0287602700062061
"PIt5m",0,0,0,NA,1
"PLBPC_SC",0.000211140410643226,0.00021148121081542,0.00231580682227739,1.03108859877186e-25,6.14356956768236e-25
"PLD_SC",0,0,0,NA,1
"PMAN",0.000669472809213608,0.00066947280920811,-1.18299337359866e-11,0.397435643140809,0.419950470215288
"PMDPHT",0.000669472809213706,0.000669472809211418,-4.92350636504674e-12,0.0795395056266293,0.0983355847660633
"PMETM_SC",0.00405741096496717,0.00405741096496717,0,NA,1
"PMEVK",0.0014877173537892,0.00148771735381573,2.57158266017954e-11,0.142806623276726,0.166027212427414
"PMI12346PH",0,0,0,NA,1
"PMI12346PS",0,0,0,NA,1
"PMI1346PH",0,0,0,NA,1
"PMI1346PS",0,0,0,NA,1
"PMPK",0,0,0,NA,1
"PNTOt2",0,0,0,NA,1
"POLYAO",0,0,0,NA,1
"POLYAO2",0,0,0,NA,1
"POLYAO3",0,0,0,NA,1
"PPA",1.99723237818299,2.70003330572774,0.434974815186366,7.79484007016099e-22,1.26759057128887e-21
"PPAm",0.00825006896209049,0,-13.0103653235847,4.66786377712601e-25,1.93429630873492e-24
"PPCK",0,0,0,NA,1
"PPM",0,0,0,NA,1
"PPM_rev",0.141732127357819,0.141732127357867,4.93648024237794e-13,0.167802530970436,0.192479373760206
"PPND",0,0,0,NA,1
"PPND2",0,0,0,NA,1
"PPNDH",0,0,0,NA,1
"PPYRDC",0.0215349047892992,0.0218071473852252,0.0181232805141926,2.18309951844776e-24,6.50381731537563e-24
"PRAGSr",0,0,0,NA,1
"PRAIS",0,0,0,NA,1
"PRAIi",0,0,0,NA,1
"PRAMPC",0,0.0020908610834597,11.0305713327774,1.44019401345064e-28,1.21145731719672e-27
"PRASCSi",0,0,0,NA,1
"PRATPP",0,0.0020908610834597,11.0305713327774,1.44019401345064e-28,1.21145731719672e-27
"PRFGS",0,0,0,NA,1
"PRMICI",0,0.0020908610834597,11.0305713327774,1.44019401345064e-28,1.21145731719672e-27
"PRO1xm",0.0555382049362946,0.0968344092363731,0.802028161206494,2.85770706661097e-23,7.75921728845638e-23
"PROt2r",0.166914135924644,0.208210340224722,0.318933862383214,9.89019037370546e-23,2.45253853775702e-22
"PROt2r_rev",0,0,0,NA,1
"PROtm",0.0555382049362946,0.0968344092363731,0.802028161206494,2.85770706661097e-23,7.75921728845638e-23
"PRPPS",0,0.0020908610834597,11.0305713327774,1.44019401345064e-28,1.21145731719672e-27
"PSCVT",0,0,0,NA,1
"PSERDm_SC",7.10046918869256e-05,7.10046918869256e-05,3.20342650381492e-16,5.6486917353134e-08,8.07762918149816e-08
"PSERDv_SC",0,0,0,NA,1
"PSERS_SC",0,0.00825006896209993,13.0103653235863,1.44019401345064e-28,1.21145731719672e-27
"PSERS_SC_rev",0,0,0,NA,1
"PSERSm_SC",8.25006896209049e-05,0,-6.38371620754652,4.77938015678093e-25,1.93429630873492e-24
"PSERT",0,0,0,NA,1
"PSP_L",0,0,0,NA,1
"PStm_SC",0,7.10046918869256e-05,6.17001901174036,1.44019401345064e-28,1.21145731719672e-27
"PStm_SC_rev",1.14959977340407e-05,0,-3.64339419186909,2.53558196072377e-25,1.16963942059193e-24
"PStv_SC",0,0,0,NA,1
"PTPATi",0,0,0,NA,1
"PTRCt3i",1.72457483673056,1.4110178722634,-0.289504287466288,0.216254452191873,0.244139894711351
"PTRCtex2",1.72457483673056,1.4110178722634,-0.289504287466288,0.216254452191873,0.244139894711351
"PUNP1",0,0,0,NA,1
"PUNP1_rev",0.0214693756544118,0.0359757105559637,0.744715849870985,2.21634761079653e-08,3.23405824840718e-08
"PUNP2",0.0024326723854319,0.00243444657889477,0.00105136894066123,0.0253659076801106,0.0321951905170635
"PUNP2_rev",0,0,0,NA,1
"PUNP3",0,0,0,NA,1
"PUNP3_rev",0.033399254593369,0.0333992545932727,-4.15708657400661e-12,0.83126780514704,0.835161331166464
"PUNP4",0,0,0,NA,1
"PUNP5",0,0,0,NA,1
"PUNP5_rev",0.0145063349016271,0,-13.8244948901771,3.30354187243394e-08,4.77178270462681e-08
"PUNP6",1.7741935483871e-06,0,-1.47206844431522,0.325178960006528,0.356782030288492
"PUNP7",0,0,0,NA,1
"PYDAMK",0,0,0,NA,1
"PYK",15.4271344067124,15.5468932858243,0.0111562107789086,7.79369709331353e-22,1.26759057128887e-21
"PYNP2r",0,0,0,NA,1
"PYNP2r_rev",0.0723571622085415,0.0723571622085545,2.59797889459366e-13,0.000119570333114651,0.000164937855003811
"PYR5CDm",0,0,0,NA,1
"PYRDC",13.7622540326095,13.7536067736323,-0.000906775712780827,2.93911302539087e-15,4.65269183724237e-15
"PYRDC2",0.676088887839433,0.557905596307383,-0.277191460239074,0.665486478934794,0.674926003458692
"PYRt",0,0,0,NA,1
"PYRt2",0,0,0,NA,1
"PYRt2m",0.765796310153932,1.13584535815368,0.56873320200205,1.66721311749755e-16,2.64901639780166e-16
"PYRt2m_rev",0,0,0,NA,1
"QUILSYN",0,0,0,NA,1
"QULNS",0,0,0,NA,1
"RBFSa",0.00133894561843388,0.00133894561841722,-1.79343832817193e-11,3.70159899436989e-07,5.24087778410786e-07
"RBFSb",0.00066947280921958,0.00066947280921958,0,NA,1
"RBK",0,0,0,NA,1
"RNDR1",0,0,0,NA,1
"RNDR2",0,0,0,NA,1
"RNDR3",0,0,0,NA,1
"RNDR4",0,0,0,NA,1
"RNTR1",0.00486889315794646,0.00486889315786569,-2.39286349557447e-11,0.107226877800871,0.130682757319812
"RNTR2",0.00162296438607424,0.00162296438598731,-7.72258035861591e-11,0.623854390197304,0.637222698558675
"RNTR3",0,0,0,NA,1
"RNTR4",0.00162296438594154,0.00162296438598699,4.03734249123153e-11,0.0578367204561093,0.071918704567162
"RPE",0.175753510401084,0.568044575411941,1.69244497086655,7.79826996356911e-22,1.26759057128887e-21
"RPE_rev",0,0,0,NA,1
"RPI",0,0,0,NA,1
"RPI_rev",0.229608882558422,0.427845276147283,0.897907795948415,7.79941358239863e-22,1.26759057128887e-21
"R_TM_ac_c_sink",0.39094777150759,0.393123794124098,0.00800778201241908,7.70503752464323e-22,1.26759057128887e-21
"R_TM_ala__L_c_sink",0.268942049720312,0.26657511428972,-0.0127531878366685,7.80055736177764e-22,1.26759057128887e-21
"R_TM_arg__L_c_sink",0.0704949770585097,0.0693757379122815,-0.0230889238222222,1.44019401345064e-28,1.21145731719672e-27
"R_TM_asn__L_c_sink",0.0353435995641148,0.036467497395512,0.0451609608047001,2.85770706661097e-23,7.75921728845638e-23
"R_TM_asp__L_c_sink",0.188991523603845,0.227850056955781,0.269761899262584,1.44019401345064e-28,1.21145731719672e-27
"R_TM_cit_c_sink",1e-04,0.00010989701811133,0.134865280693577,1.44019401345064e-28,1.21145731719672e-27
"R_TM_etoh_c_sink",0.00015817404928034,1e-04,-0.656249854297075,1.44019401345064e-28,1.21145731719672e-27
"R_TM_fdp_c_sink",0.00010121334680123,1e-04,-0.0172282996461091,1.44019401345064e-28,1.21145731719672e-27
"R_TM_g3pc_c_sink",0.00010557020532161,0.00010574060540771,0.00230495032703886,1.44019401345064e-28,1.21145731719672e-27
"R_TM_glc__D_c_sink",6.21534860440061,7.7800582893875,0.323945606515292,7.78455905263246e-22,1.26759057128887e-21
"R_TM_gln__L_c_sink",1.00457914353321,0.991748375200352,-0.0185451755972272,1.44019401345064e-28,1.21145731719672e-27
"R_TM_glu__L_c_sink",1.1438648865938,1.20997332896899,0.0810585271704142,5.51638571634198e-23,1.43426028624891e-22
"R_TM_gly_c_sink",0.103087203861919,0.111395829427565,0.111828913342652,2.70562485832586e-23,7.75315197681746e-23
"R_TM_glyc_c_sink",0.00010650160653291,1e-04,-0.0900029270213282,1.44019401345064e-28,1.21145731719672e-27
"R_TM_gthrd_c_sink",1e-04,1e-04,0,NA,1
"R_TM_his__L_c_sink",0.0224171955814437,0.0234626261231735,0.0657558263237385,1.44019401345064e-28,1.21145731719672e-27
"R_TM_ile__L_c_sink",0.08236764682405,0.0869748954633386,0.0785203393349975,3.18688307879547e-22,7.16015359150171e-22
"R_TM_lac__L_c_sink",0.0001079143617958,1e-04,-0.108838912000032,1.44019401345064e-28,1.21145731719672e-27
"R_TM_leu__L_c_sink",0.101076100756162,0.100223110125726,-0.0122265803816199,1.44019401345064e-28,1.21145731719672e-27
"R_TM_lys__L_c_sink",0.0967692515144672,0.0967692515144672,0,NA,1
"R_TM_nad_c_sink",14.4951565883198,14.6146482177113,0.01184418368411,7.79369709331353e-22,1.26759057128887e-21
"R_TM_phe__L_c_sink",0.056041396412075,0.056177517710038,0.00349991121315922,1.20310417258998e-25,6.70300896157277e-25
"R_TM_pro__L_c_sink",0.0834570679623218,0.104105170112361,0.318932148101349,2.85770706661097e-23,7.75921728845638e-23
"R_TM_ser__L_c_sink",0.0672617302717757,0.0842364478439715,0.324654386744922,2.54623895636789e-23,7.38065211001232e-23
"R_TM_succ_c_sink",1e-04,1e-04,0,NA,1
"R_TM_thm_c_sink",1e-04,0.00010220963751122,0.0312224000753752,1.44019401345064e-28,1.21145731719672e-27
"R_TM_tre_c_sink",0.516519756878817,0.573073980859334,0.149897586538237,7.78684260075375e-22,1.26759057128887e-21
"R_TM_udpg_c_sink",1.11801959139671,1.80838821661342,0.693758460447733,1.009038676745e-24,3.09316582707594e-24
"R_TM_val__L_c_sink",0.0927899137069327,0.096377844678674,0.0547329668196685,1.44019401345064e-28,1.21145731719672e-27
"SACCD1",0,0,0,NA,1
"SACCD2",0,0,0,NA,1
"SADT",0,0,0,NA,1
"SAM24MT",0,0,0,NA,1
"SBTD_D2",0,0,0,NA,1
"SBTR",0.819299847293467,2.18172596119736,1.41300535061036,7.78570074654748e-22,1.26759057128887e-21
"SBT_Dt",0,0,0,NA,1
"SBT_Dt_rev",0.819299847293467,2.18172596119736,1.41300535061036,7.78570074654748e-22,1.26759057128887e-21
"SERAT",0,0,0,NA,1
"SERD_L",0,0,0,NA,1
"SERt2m",0.00825006896209473,0,-13.0103653235854,3.84099369084396e-25,1.66443059936571e-24
"SERt2m_rev",0,0,0,NA,1
"SERt2r",0.142773529505651,0.168472895687943,0.238786438882424,9.09271298193375e-23,2.29457286426446e-22
"SERt2r_rev",0,0,0,NA,1
"SHK3Dr",0,0,0,NA,1
"SHKK",0,0,0,NA,1
"SHSL1",0,0,0,NA,1
"SHSL4r",0,0,0,NA,1
"SLFAT",0,0,0,NA,1
"SLFAT_rev",0,0,0,NA,1
"SO3ti",0,0,0,NA,1
"SO4ti",0.0135247032165608,0.0135247032165608,0,NA,1
"SPMDAT1",0,0,0,NA,1
"SPMDt3i",1.5155321292285,1.77682930392031,0.229480513965326,0.379777728276446,0.41456652781322
"SPMDtex2",1.5155321292285,1.77682930392031,0.229480513965326,0.379777728276446,0.41456652781322
"SPMS",0,0,0,NA,1
"SPRMS",0,0,0,NA,1
"SQ23EPXter",0.0014877173537892,0.00148771735381573,2.57158266017954e-11,0.142806623276726,0.166027212427414
"SQLEr",0.0014877173537892,0.00148771735381573,2.57158266017954e-11,0.142806623276726,0.166027212427414
"SQLS",0.0014877173537892,0.00148771735381573,2.57158266017954e-11,0.142806623276726,0.166027212427414
"SQLter",0.0014877173537892,0.00148771735381573,2.57158266017954e-11,0.142806623276726,0.166027212427414
"SSALy",0,0,0,NA,1
"SUCCt2r",0,0,0,NA,1
"SUCCt2r_rev",0,0,0,NA,1
"SUCCtm",0,0,0,NA,1
"SUCD1m",0,2.33048246912502,21.1521978487336,1.42371000550344e-09,2.12073469569784e-09
"SUCD1m_rev",0,0,0,NA,1
"SUCD2_u6m",4.78893822783673,2.6519283269362,-0.852663799128138,0.534486683290197,0.556540745464792
"SUCD2_u6m_rev",0,0,0,NA,1
"SUCD3_u6m",0,2.63533217257119,21.3295539357524,2.73839342687584e-10,4.13651683144274e-10
"SUCD3_u6m_rev",0,9.03225806451613e-05,6.51289972351887,2.14900478801848e-09,3.19004516975754e-09
"SUCFUMtm",2e-04,2e-04,0,NA,1
"SUCOASm",4.78873822783678,4.98221079606126,0.0571404771544035,7.73675236725961e-22,1.26759057128887e-21
"SULR",0,0,0,NA,1
"TAGL_SC",0,0,0,NA,1
"TALA",0,0,0,NA,1
"TALA_rev",7.59010631862489,7.35576471559175,-0.0452447544456591,7.79484007016099e-22,1.26759057128887e-21
"THFATm",0,0,0,NA,1
"THIORDXi",0,0,0,NA,1
"THMP",5e-05,5.11048187556106e-05,0.0309195548504706,1.44019401345064e-28,1.21145731719672e-27
"THRA",0.00959571701942606,0.00420973774984071,-1.1884679273222,3.72509877941202e-22,8.32326758524873e-22
"THRD_L",1.86097287319812,1.86635885246771,0.00416937766384486,9.34094282186857e-23,2.34342951496001e-22
"THRD_Lm",0,0,0,NA,1
"THRS",0,0,0,NA,1
"THRt2m",0,0,0,NA,1
"THRt2r",2,2,0,NA,1
"THRt2r_rev",0,0,0,NA,1
"THYMt3r",0.00243444657898029,0.0024344465789803,5.76616770686684e-15,3.79978199739939e-10,5.6798135083078e-10
"TKT1",0.0878767552005645,0.284022287705971,1.6924393020591,7.77315092478508e-22,1.26759057128887e-21
"TKT1_rev",0,0,0,NA,1
"TKT2",0.0878767552005644,0.284022287705971,1.69243930205911,7.79941358239863e-22,1.26759057128887e-21
"TKT2_rev",0,0,0,NA,1
"TMDK1",0.0024344465789803,0.0024344465789803,0,NA,1
"TMDPK",5e-05,5.11048187556106e-05,0.0309195548504706,1.44019401345064e-28,1.21145731719672e-27
"TMDPP",0,0,0,NA,1
"TMDPP_rev",0.00243444657898029,0.0024344465789803,5.76616770686684e-15,3.79978199739939e-10,5.6798135083078e-10
"TMDS",0,0,0,NA,1
"TMN",0,0,0,NA,1
"TMPK",5e-05,5.11048187556106e-05,0.0309195548504706,1.44019401345064e-28,1.21145731719672e-27
"TMPPP",0,0,0,NA,1
"TPI",7.66117336433959,7.62298399482544,-0.00720952031115327,7.79712650526732e-22,1.26759057128887e-21
"TPI_rev",0,0,0,NA,1
"TRDR",0.00811482193014405,0.0081148219298973,-4.38625970615022e-11,0.758581303468766,0.76392342532418
"TRE6PP",0,0,0,NA,1
"TRE6PS",0,0,0,NA,1
"TREH",1.01721561099426,1.1303240589553,0.152110796318337,7.78570074654748e-22,1.26759057128887e-21
"TREHv",0,0.853852038281332,19.7036282548355,1.00807412674115e-24,3.09316582707594e-24
"TREt2",1.03303951375763,2,0.953103886455999,1.00826696571384e-24,3.09316582707594e-24
"TREt2v",0,0.853852038281332,19.7036282548355,1.00807412674115e-24,3.09316582707594e-24
"TRIGS_SC",0.00144150066498835,0.00439116573789189,1.60636051136038,1.5581654764771e-14,2.43073814330427e-14
"TRPO2",0,0,0,NA,1
"TRPS1",0,0,0,NA,1
"TRPTA",0,0,0,NA,1
"TRPt2r",0.0192050785675113,0.0192050785675113,-3.20342650381492e-16,3.79978199739939e-10,5.6798135083078e-10
"TRPt2r_rev",0,0,0,NA,1
"TTDCAtr",0,0,0,NA,1
"TTDCAtr_rev",0,0,0,NA,1
"TYRNFT",0,0.0100561846587094,13.2959388827679,5.69814722594354e-25,2.14430277186823e-24
"TYRTAi",0,0,0,NA,1
"TYRTAim",0,0,0,NA,1
"TYRt2m",0,0,0,NA,1
"TYRt2r",0.068975986404442,0.089088355721861,0.369137971735361,7.08441306012838e-24,2.09600910537591e-23
"TYRt2r_rev",0,0,0,NA,1
"TYRt6",0,0.426926019140666,18.7036299444638,1.00807412674115e-24,3.09316582707594e-24
"TYRt7",0,0.426926019140666,18.7036299444638,1.00807412674115e-24,3.09316582707594e-24
"UGLT",0,0,0,NA,1
"UGLT_rev",0,0,0,NA,1
"UMPK",0.0318506760749525,0.0318506760749655,5.90391504652969e-13,0.000119570333114651,0.000164937855003811
"UNK3",0,0,0,NA,1
"UPPRT",0,0,0,NA,1
"URAt2",0,0.072357162208585,16.1428681456315,1.92963057232252e-25,9.19790572807067e-25
"UREA2t2",0,0,0,NA,1
"UREA2t2_rev",0.0323189637719818,0.0300804854795254,-0.103549769217662,1.27448673002466e-25,6.7500593479084e-25
"UREASE",0,0,0,NA,1
"URIDK2r",0,0,0,NA,1
"URIDK2r_rev",0.00162296438598687,0.00162296438598687,0,NA,1
"URIK1",0.0175057650504563,0.0478490911379159,1.45060914942028,3.52651318881554e-07,5.00951707947637e-07
"URIK2",0.0548513971580851,0.0245080710706386,-1.16223886562343,0.000658193431511635,0.000902124543509557
"UTPH1",0,0,0,NA,1
"VALTA",0.00664800385881275,0.0138238658022954,1.05605535624271,1.44019401345064e-28,1.21145731719672e-27
"VALTA_rev",0,0,0,NA,1
"VALTAim",0,0,0,NA,1
"VALt2m",0,0,0,NA,1
"VALt2r",0.185579827413865,0.192755689357348,0.0547332562231503,5.60755520678148e-25,2.14430277186823e-24
"VALt2r_rev",0,0,0,NA,1
"XANt",0,0,0,NA,1
"XANt_rev",0,0,0,NA,1
"XPPT",0,0,0,NA,1
"ZYMSTt",0,0,0,NA,1
"ZYMSTt_rev",0,0,0,NA,1
